dataset,method,model,kind,run,path,rows,acc,scoring,md5_raw
GSM8K,CoT,Llama-3.1-8B-Instruct,lora,Run01,predictions/table1/GSM8K/CoT/Llama-3.1-8B-Instruct/lora/Run01/predictions.jsonl.gz,1319,83.548,git,1bb9d6a4473073ccd9c5b837338422c8
GSM8K,CoT,Llama-3.1-8B-Instruct,lora,Run02,predictions/table1/GSM8K/CoT/Llama-3.1-8B-Instruct/lora/Run02/predictions.jsonl.gz,1319,83.851,git,b99448ff546ca5127764573256f2de9c
GSM8K,CoT,Llama-3.1-8B-Instruct,lora,Run03,predictions/table1/GSM8K/CoT/Llama-3.1-8B-Instruct/lora/Run03/predictions.jsonl.gz,1319,84.003,git,7e5a39e69ad41eb9a86fe0438b639027
GSM8K,CoT,Llama-3.1-8B-Instruct,lora,Run04,predictions/table1/GSM8K/CoT/Llama-3.1-8B-Instruct/lora/Run04/predictions.jsonl.gz,1319,83.851,git,faf83159869ecc02083087cc7b0666d7
GSM8K,CoT,Llama-3.1-8B-Instruct,lora,Run05,predictions/table1/GSM8K/CoT/Llama-3.1-8B-Instruct/lora/Run05/predictions.jsonl.gz,1319,84.534,git,1c26376560fe6453cd988aecca141d8e
GSM8K,CoT,Llama-3.1-8B-Instruct,lora,Run06,predictions/table1/GSM8K/CoT/Llama-3.1-8B-Instruct/lora/Run06/predictions.jsonl.gz,1319,83.548,git,d7b48cc03999a09c1d1c32f5f9aab8a7
GSM8K,CoT,Llama-3.1-8B-Instruct,lora,Run07,predictions/table1/GSM8K/CoT/Llama-3.1-8B-Instruct/lora/Run07/predictions.jsonl.gz,1319,83.7,git,ba2e84014efc8de921c0f9e931c259b5
GSM8K,CoT,Llama-3.1-8B-Instruct,lora,Run08,predictions/table1/GSM8K/CoT/Llama-3.1-8B-Instruct/lora/Run08/predictions.jsonl.gz,1319,84.382,git,3dd8778a0135384e7e78de197aab72ef
GSM8K,CoT,Llama-3.1-8B-Instruct,lora,Run09,predictions/table1/GSM8K/CoT/Llama-3.1-8B-Instruct/lora/Run09/predictions.jsonl.gz,1319,84.003,git,740f59895494b80b903ed5bb98f1e77e
GSM8K,CoT,Llama-3.1-8B-Instruct,lora,Run10,predictions/table1/GSM8K/CoT/Llama-3.1-8B-Instruct/lora/Run10/predictions.jsonl.gz,1319,84.23,git,5b7a73409007cb0b57f410db9345d2ef
GSM8K,Freeform,Llama-3.1-8B-Instruct,lora,Run01,predictions/table1/GSM8K/Freeform/Llama-3.1-8B-Instruct/lora/Run01/predictions.jsonl.gz,1319,82.563,git,67842cdb8d0aece0cf52cbcdb4dec018
GSM8K,Freeform,Llama-3.1-8B-Instruct,lora,Run02,predictions/table1/GSM8K/Freeform/Llama-3.1-8B-Instruct/lora/Run02/predictions.jsonl.gz,1319,82.638,git,b0a149f6b46f062553614cfc0c9b4a5d
GSM8K,Freeform,Llama-3.1-8B-Instruct,lora,Run03,predictions/table1/GSM8K/Freeform/Llama-3.1-8B-Instruct/lora/Run03/predictions.jsonl.gz,1319,80.591,git,f9794b98f5f39a751f421a90ed23f34a
GSM8K,Freeform,Llama-3.1-8B-Instruct,lora,Run04,predictions/table1/GSM8K/Freeform/Llama-3.1-8B-Instruct/lora/Run04/predictions.jsonl.gz,1319,82.411,git,9feed568b808e359868df174bd522460
GSM8K,Freeform,Llama-3.1-8B-Instruct,lora,Run05,predictions/table1/GSM8K/Freeform/Llama-3.1-8B-Instruct/lora/Run05/predictions.jsonl.gz,1319,81.653,git,2d3a89fdf73e19dd11c89002c733e488
GSM8K,Freeform,Llama-3.1-8B-Instruct,lora,Run06,predictions/table1/GSM8K/Freeform/Llama-3.1-8B-Instruct/lora/Run06/predictions.jsonl.gz,1319,81.35,git,ceef75ad83f65ee0afc8798752e7cd01
GSM8K,Freeform,Llama-3.1-8B-Instruct,lora,Run07,predictions/table1/GSM8K/Freeform/Llama-3.1-8B-Instruct/lora/Run07/predictions.jsonl.gz,1319,80.743,git,f4d2ee01397764cc6083cb40c81cac62
GSM8K,Freeform,Llama-3.1-8B-Instruct,lora,Run08,predictions/table1/GSM8K/Freeform/Llama-3.1-8B-Instruct/lora/Run08/predictions.jsonl.gz,1319,81.729,git,b66fda63c6eec1263f737e616c7a3184
GSM8K,Freeform,Llama-3.1-8B-Instruct,lora,Run09,predictions/table1/GSM8K/Freeform/Llama-3.1-8B-Instruct/lora/Run09/predictions.jsonl.gz,1319,81.35,git,7ea2a0f4010a054f770b6fb7efc96bfa
GSM8K,Freeform,Llama-3.1-8B-Instruct,lora,Run10,predictions/table1/GSM8K/Freeform/Llama-3.1-8B-Instruct/lora/Run10/predictions.jsonl.gz,1319,81.274,git,23b5f4ae68615fa032a000b0589294f6
GSM8K,SuperCorrect,Llama-3.1-8B-Instruct,lora,Run01,predictions/table1/GSM8K/SuperCorrect/Llama-3.1-8B-Instruct/lora/Run01/predictions.jsonl.gz,1319,82.183,git,bb8c5f2fcd98bd55c85645c37f3f16ea
GSM8K,SuperCorrect,Llama-3.1-8B-Instruct,lora,Run02,predictions/table1/GSM8K/SuperCorrect/Llama-3.1-8B-Instruct/lora/Run02/predictions.jsonl.gz,1319,82.866,git,31542eba572d40212c756e67390ee339
GSM8K,SuperCorrect,Llama-3.1-8B-Instruct,lora,Run03,predictions/table1/GSM8K/SuperCorrect/Llama-3.1-8B-Instruct/lora/Run03/predictions.jsonl.gz,1319,82.108,git,566828f4a3184eb93c536eb179faeaa7
GSM8K,SuperCorrect,Llama-3.1-8B-Instruct,lora,Run04,predictions/table1/GSM8K/SuperCorrect/Llama-3.1-8B-Instruct/lora/Run04/predictions.jsonl.gz,1319,81.653,git,130d0b7e6ef2d2bb995f4a76e88890f2
GSM8K,SuperCorrect,Llama-3.1-8B-Instruct,lora,Run05,predictions/table1/GSM8K/SuperCorrect/Llama-3.1-8B-Instruct/lora/Run05/predictions.jsonl.gz,1319,82.79,git,74e8d59f8c1facd8ec8348997e9316c5
GSM8K,SuperCorrect,Llama-3.1-8B-Instruct,lora,Run06,predictions/table1/GSM8K/SuperCorrect/Llama-3.1-8B-Instruct/lora/Run06/predictions.jsonl.gz,1319,82.108,git,91bccbe066a052a646b1e9fda5468def
GSM8K,SuperCorrect,Llama-3.1-8B-Instruct,lora,Run07,predictions/table1/GSM8K/SuperCorrect/Llama-3.1-8B-Instruct/lora/Run07/predictions.jsonl.gz,1319,82.638,git,6f7b795bbed168abac1d94226ac35bb5
GSM8K,SuperCorrect,Llama-3.1-8B-Instruct,lora,Run08,predictions/table1/GSM8K/SuperCorrect/Llama-3.1-8B-Instruct/lora/Run08/predictions.jsonl.gz,1319,83.093,git,bdb6ef3f8fb6271f80cacecc11da5a7c
GSM8K,SuperCorrect,Llama-3.1-8B-Instruct,lora,Run09,predictions/table1/GSM8K/SuperCorrect/Llama-3.1-8B-Instruct/lora/Run09/predictions.jsonl.gz,1319,82.032,git,7ee44a3a6b5ff6f7cd3760f0c4703538
GSM8K,SuperCorrect,Llama-3.1-8B-Instruct,lora,Run10,predictions/table1/GSM8K/SuperCorrect/Llama-3.1-8B-Instruct/lora/Run10/predictions.jsonl.gz,1319,82.714,git,28c4f86ea6ac88ddcf4f20cee9107210
GSM8K,DCoT,Llama-3.1-8B-Instruct,lora,Run01,predictions/table1/GSM8K/DCoT/Llama-3.1-8B-Instruct/lora/Run01/predictions.jsonl.gz,1319,80.895,own,e9bb3f31d51d855b2e9a771850a3842f
GSM8K,DCoT,Llama-3.1-8B-Instruct,lora,Run02,predictions/table1/GSM8K/DCoT/Llama-3.1-8B-Instruct/lora/Run02/predictions.jsonl.gz,1319,81.122,own,b10e5d0761ea2ef5058ec528ac675679
GSM8K,DCoT,Llama-3.1-8B-Instruct,lora,Run03,predictions/table1/GSM8K/DCoT/Llama-3.1-8B-Instruct/lora/Run03/predictions.jsonl.gz,1319,82.563,own,23bbdba187fef66f7fea6eb6e587026d
GSM8K,DCoT,Llama-3.1-8B-Instruct,lora,Run04,predictions/table1/GSM8K/DCoT/Llama-3.1-8B-Instruct/lora/Run04/predictions.jsonl.gz,1319,81.501,own,be09803a191c286c9d75283a90cd1d26
GSM8K,DCoT,Llama-3.1-8B-Instruct,lora,Run05,predictions/table1/GSM8K/DCoT/Llama-3.1-8B-Instruct/lora/Run05/predictions.jsonl.gz,1319,82.108,own,037a0df16c018229d9f43b0743bc18e9
GSM8K,DCoT,Llama-3.1-8B-Instruct,lora,Run06,predictions/table1/GSM8K/DCoT/Llama-3.1-8B-Instruct/lora/Run06/predictions.jsonl.gz,1319,81.577,own,05459f47bb973cf29946e1597b6c96e3
GSM8K,DCoT,Llama-3.1-8B-Instruct,lora,Run07,predictions/table1/GSM8K/DCoT/Llama-3.1-8B-Instruct/lora/Run07/predictions.jsonl.gz,1319,81.88,own,f5bed3817ceb5710c3b6e772822993b2
GSM8K,DCoT,Llama-3.1-8B-Instruct,lora,Run08,predictions/table1/GSM8K/DCoT/Llama-3.1-8B-Instruct/lora/Run08/predictions.jsonl.gz,1319,82.335,own,fb58e49d9756e641c719c3b48c024ad1
GSM8K,DCoT,Llama-3.1-8B-Instruct,lora,Run09,predictions/table1/GSM8K/DCoT/Llama-3.1-8B-Instruct/lora/Run09/predictions.jsonl.gz,1319,82.942,own,1299078d3990f09a99e0b684edcbf60d
GSM8K,DCoT,Llama-3.1-8B-Instruct,lora,Run10,predictions/table1/GSM8K/DCoT/Llama-3.1-8B-Instruct/lora/Run10/predictions.jsonl.gz,1319,81.729,own,89b197de5df0b35517ebbe5441a0c191
GSM8K,SGFT,Llama-3.1-8B-Instruct,lora,Run01,predictions/table1/GSM8K/SGFT/Llama-3.1-8B-Instruct/lora/Run01/predictions.jsonl.gz,1319,77.331,git,53aa01481dee6dee6b0aee5a2fa305d8
GSM8K,SGFT,Llama-3.1-8B-Instruct,lora,Run02,predictions/table1/GSM8K/SGFT/Llama-3.1-8B-Instruct/lora/Run02/predictions.jsonl.gz,1319,78.241,git,a582500710a6e24817f1d3792602686e
GSM8K,SGFT,Llama-3.1-8B-Instruct,lora,Run03,predictions/table1/GSM8K/SGFT/Llama-3.1-8B-Instruct/lora/Run03/predictions.jsonl.gz,1319,78.089,git,381fd435aa447cd7c9c8d792029ddace
GSM8K,SGFT,Llama-3.1-8B-Instruct,lora,Run04,predictions/table1/GSM8K/SGFT/Llama-3.1-8B-Instruct/lora/Run04/predictions.jsonl.gz,1319,79.075,git,89243792e432e9867187a4a88761672e
GSM8K,SGFT,Llama-3.1-8B-Instruct,lora,Run05,predictions/table1/GSM8K/SGFT/Llama-3.1-8B-Instruct/lora/Run05/predictions.jsonl.gz,1319,78.165,git,e08fbf334be9e5635da43efcee1b74c3
GSM8K,SGFT,Llama-3.1-8B-Instruct,lora,Run06,predictions/table1/GSM8K/SGFT/Llama-3.1-8B-Instruct/lora/Run06/predictions.jsonl.gz,1319,78.165,git,6661f57c87be0b917d6586292edf0554
GSM8K,SGFT,Llama-3.1-8B-Instruct,lora,Run07,predictions/table1/GSM8K/SGFT/Llama-3.1-8B-Instruct/lora/Run07/predictions.jsonl.gz,1319,78.241,git,8cddd6594d1d8c117f2dfeb89fc81c0f
GSM8K,SGFT,Llama-3.1-8B-Instruct,lora,Run08,predictions/table1/GSM8K/SGFT/Llama-3.1-8B-Instruct/lora/Run08/predictions.jsonl.gz,1319,76.649,git,5694b2e801517d204c3486cf3b36cf9d
GSM8K,SGFT,Llama-3.1-8B-Instruct,lora,Run09,predictions/table1/GSM8K/SGFT/Llama-3.1-8B-Instruct/lora/Run09/predictions.jsonl.gz,1319,77.18,git,889328165b7f5f942544b002e7b0ea59
GSM8K,SGFT,Llama-3.1-8B-Instruct,lora,Run10,predictions/table1/GSM8K/SGFT/Llama-3.1-8B-Instruct/lora/Run10/predictions.jsonl.gz,1319,78.241,git,9909dbff7b4757f4534d9119ad9d9ccd
GSM8K,RPB,Llama-3.1-8B-Instruct,lora,Run01,predictions/table1/GSM8K/RPB/Llama-3.1-8B-Instruct/lora/Run01/predictions.jsonl.gz,1319,85.064,git,6f785bba01c167f7649b159f7659d1ba
GSM8K,RPB,Llama-3.1-8B-Instruct,lora,Run02,predictions/table1/GSM8K/RPB/Llama-3.1-8B-Instruct/lora/Run02/predictions.jsonl.gz,1319,86.126,git,c9647a22b49b569e97b998f090be1c09
GSM8K,RPB,Llama-3.1-8B-Instruct,lora,Run03,predictions/table1/GSM8K/RPB/Llama-3.1-8B-Instruct/lora/Run03/predictions.jsonl.gz,1319,85.444,git,ffdf7c13bacff0e95435fbe1a22febef
GSM8K,RPB,Llama-3.1-8B-Instruct,lora,Run04,predictions/table1/GSM8K/RPB/Llama-3.1-8B-Instruct/lora/Run04/predictions.jsonl.gz,1319,86.277,git,45f08c992d0d34470811970642c604d3
GSM8K,RPB,Llama-3.1-8B-Instruct,lora,Run05,predictions/table1/GSM8K/RPB/Llama-3.1-8B-Instruct/lora/Run05/predictions.jsonl.gz,1319,84.837,git,8f7e06cfd57b60d55912b70dfcc6ebbf
GSM8K,RPB,Llama-3.1-8B-Instruct,lora,Run06,predictions/table1/GSM8K/RPB/Llama-3.1-8B-Instruct/lora/Run06/predictions.jsonl.gz,1319,84.989,git,6458002285b46baf02e4247b3d6c7d47
GSM8K,RPB,Llama-3.1-8B-Instruct,lora,Run07,predictions/table1/GSM8K/RPB/Llama-3.1-8B-Instruct/lora/Run07/predictions.jsonl.gz,1319,85.14,git,d31265d33b3b99134f239a2dd66e9c96
GSM8K,RPB,Llama-3.1-8B-Instruct,lora,Run08,predictions/table1/GSM8K/RPB/Llama-3.1-8B-Instruct/lora/Run08/predictions.jsonl.gz,1319,85.519,git,c602d0e1bd77e5aed502f7c87249893d
GSM8K,RPB,Llama-3.1-8B-Instruct,lora,Run09,predictions/table1/GSM8K/RPB/Llama-3.1-8B-Instruct/lora/Run09/predictions.jsonl.gz,1319,85.595,git,6071bc26d72ad97e8775afa5e9821b7b
GSM8K,RPB,Llama-3.1-8B-Instruct,lora,Run10,predictions/table1/GSM8K/RPB/Llama-3.1-8B-Instruct/lora/Run10/predictions.jsonl.gz,1319,85.064,git,8df08317e921010761dae67cb1c9644b
AQUA,CoT,Llama-3.1-8B-Instruct,lora,Run01,predictions/table1/AQUA/CoT/Llama-3.1-8B-Instruct/lora/Run01/predictions.jsonl.gz,254,64.173,git,c908726b113854b499c0f6d0810a5c5f
AQUA,CoT,Llama-3.1-8B-Instruct,lora,Run02,predictions/table1/AQUA/CoT/Llama-3.1-8B-Instruct/lora/Run02/predictions.jsonl.gz,254,64.567,git,26635d3bd36c8ad4a6a917d82c6cb558
AQUA,CoT,Llama-3.1-8B-Instruct,lora,Run03,predictions/table1/AQUA/CoT/Llama-3.1-8B-Instruct/lora/Run03/predictions.jsonl.gz,254,63.386,git,ae5caa5ab10bd3176632ccc5e2c62c44
AQUA,CoT,Llama-3.1-8B-Instruct,lora,Run04,predictions/table1/AQUA/CoT/Llama-3.1-8B-Instruct/lora/Run04/predictions.jsonl.gz,254,63.78,git,43de2cf03248590de6ca6724bc8be4a0
AQUA,CoT,Llama-3.1-8B-Instruct,lora,Run05,predictions/table1/AQUA/CoT/Llama-3.1-8B-Instruct/lora/Run05/predictions.jsonl.gz,254,62.992,git,9ef09ac475470595aa9b1217493eb0ce
AQUA,CoT,Llama-3.1-8B-Instruct,lora,Run06,predictions/table1/AQUA/CoT/Llama-3.1-8B-Instruct/lora/Run06/predictions.jsonl.gz,254,63.78,git,c04a727f110cf5f6c66cdfe93172f313
AQUA,CoT,Llama-3.1-8B-Instruct,lora,Run07,predictions/table1/AQUA/CoT/Llama-3.1-8B-Instruct/lora/Run07/predictions.jsonl.gz,254,62.992,git,327e151494c03eec73e768d25eb37a47
AQUA,CoT,Llama-3.1-8B-Instruct,lora,Run08,predictions/table1/AQUA/CoT/Llama-3.1-8B-Instruct/lora/Run08/predictions.jsonl.gz,254,64.567,git,c0b90fa84df77374acb91d9d94dd718f
AQUA,CoT,Llama-3.1-8B-Instruct,lora,Run09,predictions/table1/AQUA/CoT/Llama-3.1-8B-Instruct/lora/Run09/predictions.jsonl.gz,254,65.354,git,0636cab2d767ea074b169b45cb4a869b
AQUA,CoT,Llama-3.1-8B-Instruct,lora,Run10,predictions/table1/AQUA/CoT/Llama-3.1-8B-Instruct/lora/Run10/predictions.jsonl.gz,254,64.567,git,23c70247e944fb788181d673481d9928
AQUA,Freeform,Llama-3.1-8B-Instruct,lora,Run01,predictions/table1/AQUA/Freeform/Llama-3.1-8B-Instruct/lora/Run01/predictions.jsonl.gz,254,57.874,git,d5a270d0a9dd801d840d927e2ee785c2
AQUA,Freeform,Llama-3.1-8B-Instruct,lora,Run02,predictions/table1/AQUA/Freeform/Llama-3.1-8B-Instruct/lora/Run02/predictions.jsonl.gz,254,61.417,git,66ab8e7bad47c315e553ce1c4a7f0c05
AQUA,Freeform,Llama-3.1-8B-Instruct,lora,Run03,predictions/table1/AQUA/Freeform/Llama-3.1-8B-Instruct/lora/Run03/predictions.jsonl.gz,254,61.024,git,ce5e55d8a918fd6e4f3c6a2d4ef4a03a
AQUA,Freeform,Llama-3.1-8B-Instruct,lora,Run04,predictions/table1/AQUA/Freeform/Llama-3.1-8B-Instruct/lora/Run04/predictions.jsonl.gz,254,60.63,git,686f07dff5218c64d14c358e17c79d46
AQUA,Freeform,Llama-3.1-8B-Instruct,lora,Run05,predictions/table1/AQUA/Freeform/Llama-3.1-8B-Instruct/lora/Run05/predictions.jsonl.gz,254,60.236,git,49ae4a7eae77a4010941a9412a712ca6
AQUA,Freeform,Llama-3.1-8B-Instruct,lora,Run06,predictions/table1/AQUA/Freeform/Llama-3.1-8B-Instruct/lora/Run06/predictions.jsonl.gz,254,60.63,git,96bad03fb6ac4122a6bd69fe482631c8
AQUA,Freeform,Llama-3.1-8B-Instruct,lora,Run07,predictions/table1/AQUA/Freeform/Llama-3.1-8B-Instruct/lora/Run07/predictions.jsonl.gz,254,58.661,git,c255813fb5b0be6ee038b52adc580c3a
AQUA,Freeform,Llama-3.1-8B-Instruct,lora,Run08,predictions/table1/AQUA/Freeform/Llama-3.1-8B-Instruct/lora/Run08/predictions.jsonl.gz,254,60.236,git,d091c28550d669c4c40709fc3b1b8a21
AQUA,Freeform,Llama-3.1-8B-Instruct,lora,Run09,predictions/table1/AQUA/Freeform/Llama-3.1-8B-Instruct/lora/Run09/predictions.jsonl.gz,254,63.78,git,61d4f0f1f2de3498572e988366dc0e12
AQUA,Freeform,Llama-3.1-8B-Instruct,lora,Run10,predictions/table1/AQUA/Freeform/Llama-3.1-8B-Instruct/lora/Run10/predictions.jsonl.gz,254,59.449,git,abc8e4cb6a962dd19d759f6538f620f0
AQUA,SuperCorrect,Llama-3.1-8B-Instruct,lora,Run01,predictions/table1/AQUA/SuperCorrect/Llama-3.1-8B-Instruct/lora/Run01/predictions.jsonl.gz,254,60.236,git,db6f61d7acc9f84a0a27d0a295df02b8
AQUA,SuperCorrect,Llama-3.1-8B-Instruct,lora,Run02,predictions/table1/AQUA/SuperCorrect/Llama-3.1-8B-Instruct/lora/Run02/predictions.jsonl.gz,254,61.417,git,563beaa8f8b0f354f50c935e06af3cd6
AQUA,SuperCorrect,Llama-3.1-8B-Instruct,lora,Run03,predictions/table1/AQUA/SuperCorrect/Llama-3.1-8B-Instruct/lora/Run03/predictions.jsonl.gz,254,56.299,git,516790dc71496300ad31466441b67d01
AQUA,SuperCorrect,Llama-3.1-8B-Instruct,lora,Run04,predictions/table1/AQUA/SuperCorrect/Llama-3.1-8B-Instruct/lora/Run04/predictions.jsonl.gz,254,61.417,git,1fbf0aed1075e66d72d62e662ddfbbeb
AQUA,SuperCorrect,Llama-3.1-8B-Instruct,lora,Run05,predictions/table1/AQUA/SuperCorrect/Llama-3.1-8B-Instruct/lora/Run05/predictions.jsonl.gz,254,62.205,git,dd51557612513222c99f3dedf9a9f299
AQUA,SuperCorrect,Llama-3.1-8B-Instruct,lora,Run06,predictions/table1/AQUA/SuperCorrect/Llama-3.1-8B-Instruct/lora/Run06/predictions.jsonl.gz,254,53.937,git,f1e1e8818e3f93cf774a658f3d652608
AQUA,SuperCorrect,Llama-3.1-8B-Instruct,lora,Run07,predictions/table1/AQUA/SuperCorrect/Llama-3.1-8B-Instruct/lora/Run07/predictions.jsonl.gz,254,58.268,git,94022741f0f80b8ff095a3e3f2650d84
AQUA,SuperCorrect,Llama-3.1-8B-Instruct,lora,Run08,predictions/table1/AQUA/SuperCorrect/Llama-3.1-8B-Instruct/lora/Run08/predictions.jsonl.gz,254,59.843,git,b355e32cecac2fd77203cff877423f9d
AQUA,SuperCorrect,Llama-3.1-8B-Instruct,lora,Run09,predictions/table1/AQUA/SuperCorrect/Llama-3.1-8B-Instruct/lora/Run09/predictions.jsonl.gz,254,59.843,git,a84ec5df68e19d5eaedb559e19b488f3
AQUA,SuperCorrect,Llama-3.1-8B-Instruct,lora,Run10,predictions/table1/AQUA/SuperCorrect/Llama-3.1-8B-Instruct/lora/Run10/predictions.jsonl.gz,254,61.024,git,b4be76bb8ab5d62e6fd539091d5357fc
AQUA,DCoT,Llama-3.1-8B-Instruct,lora,Run01,predictions/table1/AQUA/DCoT/Llama-3.1-8B-Instruct/lora/Run01/predictions.jsonl.gz,254,60.236,own,873e7d850d21414d7de47ea60fe2d79a
AQUA,DCoT,Llama-3.1-8B-Instruct,lora,Run02,predictions/table1/AQUA/DCoT/Llama-3.1-8B-Instruct/lora/Run02/predictions.jsonl.gz,254,57.874,own,1e0711ae62c77137a945b41b4b39d4bb
AQUA,DCoT,Llama-3.1-8B-Instruct,lora,Run03,predictions/table1/AQUA/DCoT/Llama-3.1-8B-Instruct/lora/Run03/predictions.jsonl.gz,254,62.205,own,fc0acbf086677d2b6d3e40328f07d384
AQUA,DCoT,Llama-3.1-8B-Instruct,lora,Run04,predictions/table1/AQUA/DCoT/Llama-3.1-8B-Instruct/lora/Run04/predictions.jsonl.gz,254,59.843,own,3ecd5c089ce04d4b76af054f2c9beb8f
AQUA,DCoT,Llama-3.1-8B-Instruct,lora,Run05,predictions/table1/AQUA/DCoT/Llama-3.1-8B-Instruct/lora/Run05/predictions.jsonl.gz,254,60.63,own,7c51b6a2d4de85eda226aa240189a3e8
AQUA,DCoT,Llama-3.1-8B-Instruct,lora,Run06,predictions/table1/AQUA/DCoT/Llama-3.1-8B-Instruct/lora/Run06/predictions.jsonl.gz,254,65.354,own,14f51030bcf4196672c284518cd12491
AQUA,DCoT,Llama-3.1-8B-Instruct,lora,Run07,predictions/table1/AQUA/DCoT/Llama-3.1-8B-Instruct/lora/Run07/predictions.jsonl.gz,254,64.567,own,0ba3bd2315903433080284dc2b1ee350
AQUA,DCoT,Llama-3.1-8B-Instruct,lora,Run08,predictions/table1/AQUA/DCoT/Llama-3.1-8B-Instruct/lora/Run08/predictions.jsonl.gz,254,62.992,own,119479a8edf45ed772cca12c81da39e4
AQUA,DCoT,Llama-3.1-8B-Instruct,lora,Run09,predictions/table1/AQUA/DCoT/Llama-3.1-8B-Instruct/lora/Run09/predictions.jsonl.gz,254,60.236,own,0233dd7877fa811ae2918419cd2de7df
AQUA,DCoT,Llama-3.1-8B-Instruct,lora,Run10,predictions/table1/AQUA/DCoT/Llama-3.1-8B-Instruct/lora/Run10/predictions.jsonl.gz,254,64.173,own,b1275ba8c39b792f4c96355ddeba0e60
AQUA,SGFT,Llama-3.1-8B-Instruct,lora,Run01,predictions/table1/AQUA/SGFT/Llama-3.1-8B-Instruct/lora/Run01/predictions.jsonl.gz,254,61.024,own,10419ea83aaf9238d3d81fe6d8276807
AQUA,SGFT,Llama-3.1-8B-Instruct,lora,Run02,predictions/table1/AQUA/SGFT/Llama-3.1-8B-Instruct/lora/Run02/predictions.jsonl.gz,254,58.268,own,d9c2d90e58ddb3d8272994706189e0ed
AQUA,SGFT,Llama-3.1-8B-Instruct,lora,Run03,predictions/table1/AQUA/SGFT/Llama-3.1-8B-Instruct/lora/Run03/predictions.jsonl.gz,254,61.417,own,6a68f50e009e581b7d0d25302aff7e92
AQUA,SGFT,Llama-3.1-8B-Instruct,lora,Run04,predictions/table1/AQUA/SGFT/Llama-3.1-8B-Instruct/lora/Run04/predictions.jsonl.gz,254,57.48,own,aebcf64716180716f468b06315eb52e4
AQUA,SGFT,Llama-3.1-8B-Instruct,lora,Run05,predictions/table1/AQUA/SGFT/Llama-3.1-8B-Instruct/lora/Run05/predictions.jsonl.gz,254,66.142,own,a94950d316e1d380efb7c92ac053e113
AQUA,SGFT,Llama-3.1-8B-Instruct,lora,Run06,predictions/table1/AQUA/SGFT/Llama-3.1-8B-Instruct/lora/Run06/predictions.jsonl.gz,254,57.48,own,a73036805275941a9824d4e941a31186
AQUA,SGFT,Llama-3.1-8B-Instruct,lora,Run07,predictions/table1/AQUA/SGFT/Llama-3.1-8B-Instruct/lora/Run07/predictions.jsonl.gz,254,60.63,own,a2202a2b4df17037bb78f6ff48066ec6
AQUA,SGFT,Llama-3.1-8B-Instruct,lora,Run08,predictions/table1/AQUA/SGFT/Llama-3.1-8B-Instruct/lora/Run08/predictions.jsonl.gz,254,61.024,own,57d42edbf2fa1ea2d8f3a885ab9da4e9
AQUA,SGFT,Llama-3.1-8B-Instruct,lora,Run09,predictions/table1/AQUA/SGFT/Llama-3.1-8B-Instruct/lora/Run09/predictions.jsonl.gz,254,60.63,own,32439b3a8cd4d265918259f61a4d9af2
AQUA,SGFT,Llama-3.1-8B-Instruct,lora,Run10,predictions/table1/AQUA/SGFT/Llama-3.1-8B-Instruct/lora/Run10/predictions.jsonl.gz,254,57.48,own,4f76ca796cfd71ae2d1e20613f90c198
AQUA,RPB,Llama-3.1-8B-Instruct,lora,Run01,predictions/table1/AQUA/RPB/Llama-3.1-8B-Instruct/lora/Run01/predictions.jsonl.gz,254,68.11,git,fe79f0311be37d7cd75e4105f033ba6d
AQUA,RPB,Llama-3.1-8B-Instruct,lora,Run02,predictions/table1/AQUA/RPB/Llama-3.1-8B-Instruct/lora/Run02/predictions.jsonl.gz,254,67.323,git,f12f01f990d5d7defedf2038d4cd91d8
AQUA,RPB,Llama-3.1-8B-Instruct,lora,Run03,predictions/table1/AQUA/RPB/Llama-3.1-8B-Instruct/lora/Run03/predictions.jsonl.gz,254,68.11,git,e68905077b8d244a73dbd0ef0735bfe1
AQUA,RPB,Llama-3.1-8B-Instruct,lora,Run04,predictions/table1/AQUA/RPB/Llama-3.1-8B-Instruct/lora/Run04/predictions.jsonl.gz,254,68.898,git,d9e878535f6470df2bb9b45567133802
AQUA,RPB,Llama-3.1-8B-Instruct,lora,Run05,predictions/table1/AQUA/RPB/Llama-3.1-8B-Instruct/lora/Run05/predictions.jsonl.gz,254,67.323,git,de96b219aa51ecacfbad718b2528f2c1
AQUA,RPB,Llama-3.1-8B-Instruct,lora,Run06,predictions/table1/AQUA/RPB/Llama-3.1-8B-Instruct/lora/Run06/predictions.jsonl.gz,254,67.717,git,f10f0a78d102ad027ae53d2d3aeb23a6
AQUA,RPB,Llama-3.1-8B-Instruct,lora,Run07,predictions/table1/AQUA/RPB/Llama-3.1-8B-Instruct/lora/Run07/predictions.jsonl.gz,254,70.079,git,72692763723eb757a0dc4769d7403137
AQUA,RPB,Llama-3.1-8B-Instruct,lora,Run08,predictions/table1/AQUA/RPB/Llama-3.1-8B-Instruct/lora/Run08/predictions.jsonl.gz,254,64.567,git,133b42784a6bb78ac1f7eb9487c94667
AQUA,RPB,Llama-3.1-8B-Instruct,lora,Run09,predictions/table1/AQUA/RPB/Llama-3.1-8B-Instruct/lora/Run09/predictions.jsonl.gz,254,67.717,git,b390f942a62f49451e03b1dc3f3c3a53
AQUA,RPB,Llama-3.1-8B-Instruct,lora,Run10,predictions/table1/AQUA/RPB/Llama-3.1-8B-Instruct/lora/Run10/predictions.jsonl.gz,254,65.354,git,e2c4b952221822d9d6283dea202f2857
StrategyQA,CoT,Llama-3.1-8B-Instruct,lora,Run01,predictions/table1/StrategyQA/CoT/Llama-3.1-8B-Instruct/lora/Run01/predictions.jsonl.gz,229,72.926,git,605462189cf4afbde8485e9819c169b0
StrategyQA,CoT,Llama-3.1-8B-Instruct,lora,Run02,predictions/table1/StrategyQA/CoT/Llama-3.1-8B-Instruct/lora/Run02/predictions.jsonl.gz,229,72.489,git,6ceb53c9d0049e8424ba3774502ef4b9
StrategyQA,CoT,Llama-3.1-8B-Instruct,lora,Run03,predictions/table1/StrategyQA/CoT/Llama-3.1-8B-Instruct/lora/Run03/predictions.jsonl.gz,229,71.616,git,02303c4cb72e9357592568e166aca8de
StrategyQA,CoT,Llama-3.1-8B-Instruct,lora,Run04,predictions/table1/StrategyQA/CoT/Llama-3.1-8B-Instruct/lora/Run04/predictions.jsonl.gz,229,74.672,git,c10588a3da1ba2fc5443eee796153cca
StrategyQA,CoT,Llama-3.1-8B-Instruct,lora,Run05,predictions/table1/StrategyQA/CoT/Llama-3.1-8B-Instruct/lora/Run05/predictions.jsonl.gz,229,74.236,git,b7ffa0392eb0488572515317f90e12e9
StrategyQA,CoT,Llama-3.1-8B-Instruct,lora,Run06,predictions/table1/StrategyQA/CoT/Llama-3.1-8B-Instruct/lora/Run06/predictions.jsonl.gz,229,73.799,git,b05454969cf82f2adf15e1ea8542216b
StrategyQA,CoT,Llama-3.1-8B-Instruct,lora,Run07,predictions/table1/StrategyQA/CoT/Llama-3.1-8B-Instruct/lora/Run07/predictions.jsonl.gz,229,73.799,git,9f473ab8371344b68406fb0342f49634
StrategyQA,CoT,Llama-3.1-8B-Instruct,lora,Run08,predictions/table1/StrategyQA/CoT/Llama-3.1-8B-Instruct/lora/Run08/predictions.jsonl.gz,229,75.546,git,655e05708694c1d99304a028ef7d2029
StrategyQA,CoT,Llama-3.1-8B-Instruct,lora,Run09,predictions/table1/StrategyQA/CoT/Llama-3.1-8B-Instruct/lora/Run09/predictions.jsonl.gz,229,71.616,git,49f1b03db4996acae54c3531e80bd365
StrategyQA,CoT,Llama-3.1-8B-Instruct,lora,Run10,predictions/table1/StrategyQA/CoT/Llama-3.1-8B-Instruct/lora/Run10/predictions.jsonl.gz,229,72.489,git,a1a3b504fbffa96359dd7859820e2ffc
StrategyQA,Freeform,Llama-3.1-8B-Instruct,lora,Run01,predictions/table1/StrategyQA/Freeform/Llama-3.1-8B-Instruct/lora/Run01/predictions.jsonl.gz,229,70.742,git,7864bb8d53eaae4adb87f87b9cf260bf
StrategyQA,Freeform,Llama-3.1-8B-Instruct,lora,Run02,predictions/table1/StrategyQA/Freeform/Llama-3.1-8B-Instruct/lora/Run02/predictions.jsonl.gz,229,72.052,git,3541eb82977cee06cb192d2d415d19b7
StrategyQA,Freeform,Llama-3.1-8B-Instruct,lora,Run03,predictions/table1/StrategyQA/Freeform/Llama-3.1-8B-Instruct/lora/Run03/predictions.jsonl.gz,229,71.616,git,52307958f00a0e0fca7a69ae2f6d0c47
StrategyQA,Freeform,Llama-3.1-8B-Instruct,lora,Run04,predictions/table1/StrategyQA/Freeform/Llama-3.1-8B-Instruct/lora/Run04/predictions.jsonl.gz,229,71.179,git,786756f9f4e7cd997381e1ef202ac849
StrategyQA,Freeform,Llama-3.1-8B-Instruct,lora,Run05,predictions/table1/StrategyQA/Freeform/Llama-3.1-8B-Instruct/lora/Run05/predictions.jsonl.gz,229,73.362,git,0ea69521165d8975c5dfe5c5bf223b05
StrategyQA,Freeform,Llama-3.1-8B-Instruct,lora,Run06,predictions/table1/StrategyQA/Freeform/Llama-3.1-8B-Instruct/lora/Run06/predictions.jsonl.gz,229,72.489,git,42a7f8ae7f0537ac1e6874605352dda0
StrategyQA,Freeform,Llama-3.1-8B-Instruct,lora,Run07,predictions/table1/StrategyQA/Freeform/Llama-3.1-8B-Instruct/lora/Run07/predictions.jsonl.gz,229,71.179,git,492bc1964ee87cffeacf657b6b0c59a9
StrategyQA,Freeform,Llama-3.1-8B-Instruct,lora,Run08,predictions/table1/StrategyQA/Freeform/Llama-3.1-8B-Instruct/lora/Run08/predictions.jsonl.gz,229,74.236,git,298dbc36c3817e4eb59c1cdb38bfe5f8
StrategyQA,Freeform,Llama-3.1-8B-Instruct,lora,Run09,predictions/table1/StrategyQA/Freeform/Llama-3.1-8B-Instruct/lora/Run09/predictions.jsonl.gz,229,74.236,git,bb34ae1acddd163f3bf50d3cc9d608bc
StrategyQA,Freeform,Llama-3.1-8B-Instruct,lora,Run10,predictions/table1/StrategyQA/Freeform/Llama-3.1-8B-Instruct/lora/Run10/predictions.jsonl.gz,229,71.616,git,51844c8e20e609ca57e27d6121258610
StrategyQA,DCoT,Llama-3.1-8B-Instruct,lora,Run01,predictions/table1/StrategyQA/DCoT/Llama-3.1-8B-Instruct/lora/Run01/predictions.jsonl.gz,229,72.489,git,fc36be4ea645965f1926a7566aed0d27
StrategyQA,DCoT,Llama-3.1-8B-Instruct,lora,Run02,predictions/table1/StrategyQA/DCoT/Llama-3.1-8B-Instruct/lora/Run02/predictions.jsonl.gz,229,70.306,git,3dc8e47489167a5ed9949bd9a452cec9
StrategyQA,DCoT,Llama-3.1-8B-Instruct,lora,Run03,predictions/table1/StrategyQA/DCoT/Llama-3.1-8B-Instruct/lora/Run03/predictions.jsonl.gz,229,75.546,git,ae16531308ea7577352afac81bd1e0ff
StrategyQA,DCoT,Llama-3.1-8B-Instruct,lora,Run04,predictions/table1/StrategyQA/DCoT/Llama-3.1-8B-Instruct/lora/Run04/predictions.jsonl.gz,229,71.616,git,09de147012208a76f1be4d32ea385d44
StrategyQA,DCoT,Llama-3.1-8B-Instruct,lora,Run05,predictions/table1/StrategyQA/DCoT/Llama-3.1-8B-Instruct/lora/Run05/predictions.jsonl.gz,229,74.672,git,c0d9d08de2ea2d4307a966c91c187a95
StrategyQA,DCoT,Llama-3.1-8B-Instruct,lora,Run06,predictions/table1/StrategyQA/DCoT/Llama-3.1-8B-Instruct/lora/Run06/predictions.jsonl.gz,229,74.236,git,ba3bd4fff6a2e1880b924055d395c51f
StrategyQA,DCoT,Llama-3.1-8B-Instruct,lora,Run07,predictions/table1/StrategyQA/DCoT/Llama-3.1-8B-Instruct/lora/Run07/predictions.jsonl.gz,229,71.179,git,9ed00123211b5287fc6044f993cc883b
StrategyQA,DCoT,Llama-3.1-8B-Instruct,lora,Run08,predictions/table1/StrategyQA/DCoT/Llama-3.1-8B-Instruct/lora/Run08/predictions.jsonl.gz,229,72.926,git,b4ecac13632f629f8cb386b4c99c826c
StrategyQA,DCoT,Llama-3.1-8B-Instruct,lora,Run09,predictions/table1/StrategyQA/DCoT/Llama-3.1-8B-Instruct/lora/Run09/predictions.jsonl.gz,229,70.306,git,bf16f59e8b091524287fa6da2954bf0d
StrategyQA,DCoT,Llama-3.1-8B-Instruct,lora,Run10,predictions/table1/StrategyQA/DCoT/Llama-3.1-8B-Instruct/lora/Run10/predictions.jsonl.gz,229,72.052,git,e268a2545d23c76feebe90f704fd077d
StrategyQA,RPB,Llama-3.1-8B-Instruct,lora,Run01,predictions/table1/StrategyQA/RPB/Llama-3.1-8B-Instruct/lora/Run01/predictions.jsonl.gz,229,73.362,git,27120bfb1194ef5dc2694dd5e46e84d0
StrategyQA,RPB,Llama-3.1-8B-Instruct,lora,Run02,predictions/table1/StrategyQA/RPB/Llama-3.1-8B-Instruct/lora/Run02/predictions.jsonl.gz,229,74.236,git,4e6ce31c3e22025e38cad795cda78613
StrategyQA,RPB,Llama-3.1-8B-Instruct,lora,Run03,predictions/table1/StrategyQA/RPB/Llama-3.1-8B-Instruct/lora/Run03/predictions.jsonl.gz,229,73.799,git,b2e7e706821d2ea6817ab65406d39688
StrategyQA,RPB,Llama-3.1-8B-Instruct,lora,Run04,predictions/table1/StrategyQA/RPB/Llama-3.1-8B-Instruct/lora/Run04/predictions.jsonl.gz,229,71.179,git,a375c2deaaae552c4115f26afbf18ea4
StrategyQA,RPB,Llama-3.1-8B-Instruct,lora,Run05,predictions/table1/StrategyQA/RPB/Llama-3.1-8B-Instruct/lora/Run05/predictions.jsonl.gz,229,72.926,git,82f4e6eeade50eaaebb18f9b4feb7e46
StrategyQA,RPB,Llama-3.1-8B-Instruct,lora,Run06,predictions/table1/StrategyQA/RPB/Llama-3.1-8B-Instruct/lora/Run06/predictions.jsonl.gz,229,74.672,git,990bf887256753ea06169d76876ec749
StrategyQA,RPB,Llama-3.1-8B-Instruct,lora,Run07,predictions/table1/StrategyQA/RPB/Llama-3.1-8B-Instruct/lora/Run07/predictions.jsonl.gz,229,74.672,git,7cc20a36383eeeef3c1e166afac40bf3
StrategyQA,RPB,Llama-3.1-8B-Instruct,lora,Run08,predictions/table1/StrategyQA/RPB/Llama-3.1-8B-Instruct/lora/Run08/predictions.jsonl.gz,229,74.236,git,3f9ebdca82fa017093666fd889ac4b35
StrategyQA,RPB,Llama-3.1-8B-Instruct,lora,Run09,predictions/table1/StrategyQA/RPB/Llama-3.1-8B-Instruct/lora/Run09/predictions.jsonl.gz,229,76.419,git,b62e0787b941f0a9b7857d079ed31bcc
StrategyQA,RPB,Llama-3.1-8B-Instruct,lora,Run10,predictions/table1/StrategyQA/RPB/Llama-3.1-8B-Instruct/lora/Run10/predictions.jsonl.gz,229,75.983,git,e573833b9cc54e772be21ca590957528
AI2ARC,CoT,Llama-3.1-8B-Instruct,lora,Run01,predictions/table1/AI2ARC/CoT/Llama-3.1-8B-Instruct/lora/Run01/predictions.jsonl.gz,1557,88.054,git,16efbdebd7eb5e9ba7ed4ca094071599
AI2ARC,CoT,Llama-3.1-8B-Instruct,lora,Run02,predictions/table1/AI2ARC/CoT/Llama-3.1-8B-Instruct/lora/Run02/predictions.jsonl.gz,1557,87.347,git,9ed53371e321cf2e50b0f3d95c4eb999
AI2ARC,CoT,Llama-3.1-8B-Instruct,lora,Run03,predictions/table1/AI2ARC/CoT/Llama-3.1-8B-Instruct/lora/Run03/predictions.jsonl.gz,1557,88.054,git,88b6b181206a6b01266624ad885b45af
AI2ARC,CoT,Llama-3.1-8B-Instruct,lora,Run04,predictions/table1/AI2ARC/CoT/Llama-3.1-8B-Instruct/lora/Run04/predictions.jsonl.gz,1557,88.118,git,7549bebb5342b70bb6775665d6066009
AI2ARC,CoT,Llama-3.1-8B-Instruct,lora,Run05,predictions/table1/AI2ARC/CoT/Llama-3.1-8B-Instruct/lora/Run05/predictions.jsonl.gz,1557,87.604,git,e3bc65dc4e06bd0c06955bc02254dc32
AI2ARC,CoT,Llama-3.1-8B-Instruct,lora,Run06,predictions/table1/AI2ARC/CoT/Llama-3.1-8B-Instruct/lora/Run06/predictions.jsonl.gz,1557,88.182,git,080940ee799bcd68a865a7a25d11d773
AI2ARC,CoT,Llama-3.1-8B-Instruct,lora,Run07,predictions/table1/AI2ARC/CoT/Llama-3.1-8B-Instruct/lora/Run07/predictions.jsonl.gz,1557,87.925,git,83fb2d783a61ca3b78d9c7b1d8696016
AI2ARC,CoT,Llama-3.1-8B-Instruct,lora,Run08,predictions/table1/AI2ARC/CoT/Llama-3.1-8B-Instruct/lora/Run08/predictions.jsonl.gz,1557,87.861,git,f9510b2417f3c4c2f53e1533494bf1c2
AI2ARC,CoT,Llama-3.1-8B-Instruct,lora,Run09,predictions/table1/AI2ARC/CoT/Llama-3.1-8B-Instruct/lora/Run09/predictions.jsonl.gz,1557,88.311,git,3b0f2ff8d5a7eaeb0eca436c6adba7ab
AI2ARC,CoT,Llama-3.1-8B-Instruct,lora,Run10,predictions/table1/AI2ARC/CoT/Llama-3.1-8B-Instruct/lora/Run10/predictions.jsonl.gz,1557,87.733,git,12b7a077d31f06ac97a6ef6a2ed46c8f
AI2ARC,Freeform,Llama-3.1-8B-Instruct,lora,Run01,predictions/table1/AI2ARC/Freeform/Llama-3.1-8B-Instruct/lora/Run01/predictions.jsonl.gz,1557,92.1,git,76959b13197e37bd7340ec33a83e1f3e
AI2ARC,Freeform,Llama-3.1-8B-Instruct,lora,Run02,predictions/table1/AI2ARC/Freeform/Llama-3.1-8B-Instruct/lora/Run02/predictions.jsonl.gz,1557,92.55,git,afdb7b760c19642632cbe831f3041580
AI2ARC,Freeform,Llama-3.1-8B-Instruct,lora,Run03,predictions/table1/AI2ARC/Freeform/Llama-3.1-8B-Instruct/lora/Run03/predictions.jsonl.gz,1557,91.972,git,5f9354c5de6a96e301b9b4c2904eea2e
AI2ARC,Freeform,Llama-3.1-8B-Instruct,lora,Run04,predictions/table1/AI2ARC/Freeform/Llama-3.1-8B-Instruct/lora/Run04/predictions.jsonl.gz,1557,92.871,git,07e1102ed65f6a4a9bfc64fe159fbf3f
AI2ARC,Freeform,Llama-3.1-8B-Instruct,lora,Run05,predictions/table1/AI2ARC/Freeform/Llama-3.1-8B-Instruct/lora/Run05/predictions.jsonl.gz,1557,92.55,git,b4fe4eaf1a5ed76d753c32b76ad9b4e7
AI2ARC,Freeform,Llama-3.1-8B-Instruct,lora,Run06,predictions/table1/AI2ARC/Freeform/Llama-3.1-8B-Instruct/lora/Run06/predictions.jsonl.gz,1557,92.1,git,af1a7bd6a526b6f1a0e500f18dec6d6f
AI2ARC,Freeform,Llama-3.1-8B-Instruct,lora,Run07,predictions/table1/AI2ARC/Freeform/Llama-3.1-8B-Instruct/lora/Run07/predictions.jsonl.gz,1557,92.678,git,9df1e3b9393708018cbb46eeabf19e99
AI2ARC,Freeform,Llama-3.1-8B-Instruct,lora,Run08,predictions/table1/AI2ARC/Freeform/Llama-3.1-8B-Instruct/lora/Run08/predictions.jsonl.gz,1557,92.357,git,e767784d032330e3a2114b5e4a2b9730
AI2ARC,Freeform,Llama-3.1-8B-Instruct,lora,Run09,predictions/table1/AI2ARC/Freeform/Llama-3.1-8B-Instruct/lora/Run09/predictions.jsonl.gz,1557,92.871,git,571dc2f040b1c0fc89fe75cd5084c4af
AI2ARC,Freeform,Llama-3.1-8B-Instruct,lora,Run10,predictions/table1/AI2ARC/Freeform/Llama-3.1-8B-Instruct/lora/Run10/predictions.jsonl.gz,1557,92.036,git,cd2fe6032fc1f5830afdfddba43885fb
AI2ARC,DCoT,Llama-3.1-8B-Instruct,lora,Run01,predictions/table1/AI2ARC/DCoT/Llama-3.1-8B-Instruct/lora/Run01/predictions.jsonl.gz,1557,89.724,git,09039accf0ebefca13ef1154492114df
AI2ARC,DCoT,Llama-3.1-8B-Instruct,lora,Run02,predictions/table1/AI2ARC/DCoT/Llama-3.1-8B-Instruct/lora/Run02/predictions.jsonl.gz,1557,91.073,git,c7a4f04754a150a2c2a6d26a8a7c6a66
AI2ARC,DCoT,Llama-3.1-8B-Instruct,lora,Run03,predictions/table1/AI2ARC/DCoT/Llama-3.1-8B-Instruct/lora/Run03/predictions.jsonl.gz,1557,89.788,git,ca48fda439e93c05a9f5eb5f5de49274
AI2ARC,DCoT,Llama-3.1-8B-Instruct,lora,Run04,predictions/table1/AI2ARC/DCoT/Llama-3.1-8B-Instruct/lora/Run04/predictions.jsonl.gz,1557,90.238,git,76146824ecc004020a6cd161c8bb90a7
AI2ARC,DCoT,Llama-3.1-8B-Instruct,lora,Run05,predictions/table1/AI2ARC/DCoT/Llama-3.1-8B-Instruct/lora/Run05/predictions.jsonl.gz,1557,90.302,git,962548d0581afb39c9c0b7ce8ce2e165
AI2ARC,DCoT,Llama-3.1-8B-Instruct,lora,Run06,predictions/table1/AI2ARC/DCoT/Llama-3.1-8B-Instruct/lora/Run06/predictions.jsonl.gz,1557,89.981,git,904e142047c895cbc80d7af1c381492f
AI2ARC,DCoT,Llama-3.1-8B-Instruct,lora,Run07,predictions/table1/AI2ARC/DCoT/Llama-3.1-8B-Instruct/lora/Run07/predictions.jsonl.gz,1557,65.639,git,d2d2aea2efc187a32ef3d1ebf2959ed7
AI2ARC,DCoT,Llama-3.1-8B-Instruct,lora,Run08,predictions/table1/AI2ARC/DCoT/Llama-3.1-8B-Instruct/lora/Run08/predictions.jsonl.gz,1557,70.328,git,53df7ea726341326d866b6643db21fbc
AI2ARC,DCoT,Llama-3.1-8B-Instruct,lora,Run09,predictions/table1/AI2ARC/DCoT/Llama-3.1-8B-Instruct/lora/Run09/predictions.jsonl.gz,1557,69.428,git,e655c26ee36dbe1419a4d4661fa46c5a
AI2ARC,DCoT,Llama-3.1-8B-Instruct,lora,Run10,predictions/table1/AI2ARC/DCoT/Llama-3.1-8B-Instruct/lora/Run10/predictions.jsonl.gz,1557,61.272,git,aaef41bfb75bb7bc34c4ddf20b29041c
AI2ARC,SGFT,Llama-3.1-8B-Instruct,lora,Run01,predictions/table1/AI2ARC/SGFT/Llama-3.1-8B-Instruct/lora/Run01/predictions.jsonl.gz,1557,87.412,git,44dbb29ce2db9f96778a01e4432ac2d9
AI2ARC,SGFT,Llama-3.1-8B-Instruct,lora,Run02,predictions/table1/AI2ARC/SGFT/Llama-3.1-8B-Instruct/lora/Run02/predictions.jsonl.gz,1557,86.962,git,60dc2ea68811305dff0a61964366dbf5
AI2ARC,SGFT,Llama-3.1-8B-Instruct,lora,Run03,predictions/table1/AI2ARC/SGFT/Llama-3.1-8B-Instruct/lora/Run03/predictions.jsonl.gz,1557,86.577,git,d0765eb86c9a1c3463e7d651bb543f99
AI2ARC,SGFT,Llama-3.1-8B-Instruct,lora,Run04,predictions/table1/AI2ARC/SGFT/Llama-3.1-8B-Instruct/lora/Run04/predictions.jsonl.gz,1557,86.577,git,58280f6eafb4f7ca6862021b783f89a4
AI2ARC,SGFT,Llama-3.1-8B-Instruct,lora,Run05,predictions/table1/AI2ARC/SGFT/Llama-3.1-8B-Instruct/lora/Run05/predictions.jsonl.gz,1557,87.283,git,e4f00214cdd7abe21eee006d4990c87a
AI2ARC,SGFT,Llama-3.1-8B-Instruct,lora,Run06,predictions/table1/AI2ARC/SGFT/Llama-3.1-8B-Instruct/lora/Run06/predictions.jsonl.gz,1557,85.678,git,4cefd1cadd0f461c96cde6457ffec768
AI2ARC,SGFT,Llama-3.1-8B-Instruct,lora,Run07,predictions/table1/AI2ARC/SGFT/Llama-3.1-8B-Instruct/lora/Run07/predictions.jsonl.gz,1557,88.118,git,504b0bd2f3a146bde3b48b71e0b790ca
AI2ARC,SGFT,Llama-3.1-8B-Instruct,lora,Run08,predictions/table1/AI2ARC/SGFT/Llama-3.1-8B-Instruct/lora/Run08/predictions.jsonl.gz,1557,85.999,git,af7d1848e85982574112552aa35de3c6
AI2ARC,SGFT,Llama-3.1-8B-Instruct,lora,Run09,predictions/table1/AI2ARC/SGFT/Llama-3.1-8B-Instruct/lora/Run09/predictions.jsonl.gz,1557,86.641,git,12f76ad1bed35d05999ede505214c690
AI2ARC,SGFT,Llama-3.1-8B-Instruct,lora,Run10,predictions/table1/AI2ARC/SGFT/Llama-3.1-8B-Instruct/lora/Run10/predictions.jsonl.gz,1557,85.87,git,52404d2c5f836b1251888414e533a6d5
AI2ARC,RPB,Llama-3.1-8B-Instruct,lora,Run01,predictions/table1/AI2ARC/RPB/Llama-3.1-8B-Instruct/lora/Run01/predictions.jsonl.gz,1557,92.999,git,2b2123a76ab3a96ce0ee6a306846086c
AI2ARC,RPB,Llama-3.1-8B-Instruct,lora,Run02,predictions/table1/AI2ARC/RPB/Llama-3.1-8B-Instruct/lora/Run02/predictions.jsonl.gz,1557,93.32,git,3ecaf975242aaf499597ccff953e4547
AI2ARC,RPB,Llama-3.1-8B-Instruct,lora,Run03,predictions/table1/AI2ARC/RPB/Llama-3.1-8B-Instruct/lora/Run03/predictions.jsonl.gz,1557,92.807,git,f6ae4a0b4ad11621c6415fd3cf16580c
AI2ARC,RPB,Llama-3.1-8B-Instruct,lora,Run04,predictions/table1/AI2ARC/RPB/Llama-3.1-8B-Instruct/lora/Run04/predictions.jsonl.gz,1557,93.385,git,749e2cd5efba5e788c7cdaf6e0e12662
AI2ARC,RPB,Llama-3.1-8B-Instruct,lora,Run05,predictions/table1/AI2ARC/RPB/Llama-3.1-8B-Instruct/lora/Run05/predictions.jsonl.gz,1557,92.486,git,224912f70593d0089e11ca860c1289d1
AI2ARC,RPB,Llama-3.1-8B-Instruct,lora,Run06,predictions/table1/AI2ARC/RPB/Llama-3.1-8B-Instruct/lora/Run06/predictions.jsonl.gz,1557,92.742,git,a0c27ce03472dec6b43cf825c8ec2bad
AI2ARC,RPB,Llama-3.1-8B-Instruct,lora,Run07,predictions/table1/AI2ARC/RPB/Llama-3.1-8B-Instruct/lora/Run07/predictions.jsonl.gz,1557,93.128,git,f0e088fea825ea3a38fd9c3ace632226
AI2ARC,RPB,Llama-3.1-8B-Instruct,lora,Run08,predictions/table1/AI2ARC/RPB/Llama-3.1-8B-Instruct/lora/Run08/predictions.jsonl.gz,1557,92.486,git,36ab4d5c619177ac8b8cae4e12e6fca4
AI2ARC,RPB,Llama-3.1-8B-Instruct,lora,Run09,predictions/table1/AI2ARC/RPB/Llama-3.1-8B-Instruct/lora/Run09/predictions.jsonl.gz,1557,93.192,git,82f5ac6d39c01c978c2cdf8207437c55
AI2ARC,RPB,Llama-3.1-8B-Instruct,lora,Run10,predictions/table1/AI2ARC/RPB/Llama-3.1-8B-Instruct/lora/Run10/predictions.jsonl.gz,1557,92.614,git,e2ca9a1a77d1513a9891515eb02feeea
MATH,CoT,Llama-3.1-8B-Instruct,lora,Run01,predictions/table1/MATH/CoT/Llama-3.1-8B-Instruct/lora/Run01/predictions.jsonl.gz,5000,41.74,git,f1b12d4e4b5ffc84b62738c31ed4650d
MATH,CoT,Llama-3.1-8B-Instruct,lora,Run02,predictions/table1/MATH/CoT/Llama-3.1-8B-Instruct/lora/Run02/predictions.jsonl.gz,5000,41.46,git,7906ffc234678d2c875a30e83ddb67e9
MATH,CoT,Llama-3.1-8B-Instruct,lora,Run03,predictions/table1/MATH/CoT/Llama-3.1-8B-Instruct/lora/Run03/predictions.jsonl.gz,5000,41.94,git,2a0789f27fa27d18acf1400a57686bdf
MATH,CoT,Llama-3.1-8B-Instruct,lora,Run04,predictions/table1/MATH/CoT/Llama-3.1-8B-Instruct/lora/Run04/predictions.jsonl.gz,5000,41.24,git,03f53edc6913b29a00d4d9569a365e4d
MATH,CoT,Llama-3.1-8B-Instruct,lora,Run05,predictions/table1/MATH/CoT/Llama-3.1-8B-Instruct/lora/Run05/predictions.jsonl.gz,5000,40.9,git,e03b4a03392b3c9e7574c40a4e2dbf85
MATH,CoT,Llama-3.1-8B-Instruct,lora,Run06,predictions/table1/MATH/CoT/Llama-3.1-8B-Instruct/lora/Run06/predictions.jsonl.gz,5000,41.48,git,9ffd4906baa70e89bb1d06c28cb94c7c
MATH,CoT,Llama-3.1-8B-Instruct,lora,Run07,predictions/table1/MATH/CoT/Llama-3.1-8B-Instruct/lora/Run07/predictions.jsonl.gz,5000,41.94,git,6fba4b45557bdcee004df2ac1d9e2768
MATH,CoT,Llama-3.1-8B-Instruct,lora,Run08,predictions/table1/MATH/CoT/Llama-3.1-8B-Instruct/lora/Run08/predictions.jsonl.gz,5000,41.96,git,bb315d0751e5376d3a73c4b7f6981ad6
MATH,CoT,Llama-3.1-8B-Instruct,lora,Run09,predictions/table1/MATH/CoT/Llama-3.1-8B-Instruct/lora/Run09/predictions.jsonl.gz,5000,41.38,git,a033af0d5508f512b9fb5fd8936983eb
MATH,CoT,Llama-3.1-8B-Instruct,lora,Run10,predictions/table1/MATH/CoT/Llama-3.1-8B-Instruct/lora/Run10/predictions.jsonl.gz,5000,41.66,git,bd4fa67e8d0092c9faaf513c547d357e
MATH,Freeform,Llama-3.1-8B-Instruct,lora,Run01,predictions/table1/MATH/Freeform/Llama-3.1-8B-Instruct/lora/Run01/predictions.jsonl.gz,5000,41.62,git,a3e9ec938a2d516fd562a6e58bb6f09a
MATH,Freeform,Llama-3.1-8B-Instruct,lora,Run02,predictions/table1/MATH/Freeform/Llama-3.1-8B-Instruct/lora/Run02/predictions.jsonl.gz,5000,41.88,git,46b261eed7244dfb4c157a84c8cce78a
MATH,Freeform,Llama-3.1-8B-Instruct,lora,Run03,predictions/table1/MATH/Freeform/Llama-3.1-8B-Instruct/lora/Run03/predictions.jsonl.gz,5000,41.46,git,e832ffdbfaf6bf0be2aa3bfa1b63661f
MATH,Freeform,Llama-3.1-8B-Instruct,lora,Run04,predictions/table1/MATH/Freeform/Llama-3.1-8B-Instruct/lora/Run04/predictions.jsonl.gz,5000,41.68,git,664eff98d42a79f3c73856193dd13ee1
MATH,Freeform,Llama-3.1-8B-Instruct,lora,Run05,predictions/table1/MATH/Freeform/Llama-3.1-8B-Instruct/lora/Run05/predictions.jsonl.gz,5000,41.48,git,72075f863ab82931c6d41c8f9ecc032a
MATH,Freeform,Llama-3.1-8B-Instruct,lora,Run06,predictions/table1/MATH/Freeform/Llama-3.1-8B-Instruct/lora/Run06/predictions.jsonl.gz,5000,41.9,git,d32c5c23a570dc4ad06df0e4806d1561
MATH,Freeform,Llama-3.1-8B-Instruct,lora,Run07,predictions/table1/MATH/Freeform/Llama-3.1-8B-Instruct/lora/Run07/predictions.jsonl.gz,5000,41.98,git,1159e1b0da97ebf1670f9e7b2e0d8ab7
MATH,Freeform,Llama-3.1-8B-Instruct,lora,Run08,predictions/table1/MATH/Freeform/Llama-3.1-8B-Instruct/lora/Run08/predictions.jsonl.gz,5000,41.7,git,b4f7e0a9264f50f62938c1539742c961
MATH,Freeform,Llama-3.1-8B-Instruct,lora,Run09,predictions/table1/MATH/Freeform/Llama-3.1-8B-Instruct/lora/Run09/predictions.jsonl.gz,5000,41.56,git,56e3f11bc0c11cf6ca4f9f0684ebfe2f
MATH,Freeform,Llama-3.1-8B-Instruct,lora,Run10,predictions/table1/MATH/Freeform/Llama-3.1-8B-Instruct/lora/Run10/predictions.jsonl.gz,5000,41.58,git,8ca659a90c03f2547472b588fc3a7b4b
MATH,SuperCorrect,Llama-3.1-8B-Instruct,lora,Run01,predictions/table1/MATH/SuperCorrect/Llama-3.1-8B-Instruct/lora/Run01/predictions.jsonl.gz,5000,36.58,git,8c1b94ae6c3be73573ba76206f19fb34
MATH,SuperCorrect,Llama-3.1-8B-Instruct,lora,Run02,predictions/table1/MATH/SuperCorrect/Llama-3.1-8B-Instruct/lora/Run02/predictions.jsonl.gz,5000,36.74,git,810de37ccdbd62789c1e72ba5cb777a9
MATH,SuperCorrect,Llama-3.1-8B-Instruct,lora,Run03,predictions/table1/MATH/SuperCorrect/Llama-3.1-8B-Instruct/lora/Run03/predictions.jsonl.gz,5000,36.06,git,20b0af0a087d3dc17c520acf0cd02416
MATH,SuperCorrect,Llama-3.1-8B-Instruct,lora,Run04,predictions/table1/MATH/SuperCorrect/Llama-3.1-8B-Instruct/lora/Run04/predictions.jsonl.gz,5000,36.9,git,22d9f3d02f403e934b23fffa33f7d1f5
MATH,SuperCorrect,Llama-3.1-8B-Instruct,lora,Run05,predictions/table1/MATH/SuperCorrect/Llama-3.1-8B-Instruct/lora/Run05/predictions.jsonl.gz,5000,37.18,git,12f9cded7a5890f0e68eb262989b6146
MATH,SuperCorrect,Llama-3.1-8B-Instruct,lora,Run06,predictions/table1/MATH/SuperCorrect/Llama-3.1-8B-Instruct/lora/Run06/predictions.jsonl.gz,5000,36.46,git,e6be3da802601b4061e7276b435d4594
MATH,SuperCorrect,Llama-3.1-8B-Instruct,lora,Run07,predictions/table1/MATH/SuperCorrect/Llama-3.1-8B-Instruct/lora/Run07/predictions.jsonl.gz,5000,37.24,git,9d4cc4000a2a83ae06d2634aa16cedb9
MATH,SuperCorrect,Llama-3.1-8B-Instruct,lora,Run08,predictions/table1/MATH/SuperCorrect/Llama-3.1-8B-Instruct/lora/Run08/predictions.jsonl.gz,5000,35.9,git,dc91a04b7ea52356d0b6ee8acfd94e8c
MATH,SuperCorrect,Llama-3.1-8B-Instruct,lora,Run09,predictions/table1/MATH/SuperCorrect/Llama-3.1-8B-Instruct/lora/Run09/predictions.jsonl.gz,5000,36.24,git,5d6fd640adeed28162f39dbc71ededc6
MATH,SuperCorrect,Llama-3.1-8B-Instruct,lora,Run10,predictions/table1/MATH/SuperCorrect/Llama-3.1-8B-Instruct/lora/Run10/predictions.jsonl.gz,5000,36.9,git,9c7ff2ffe0bc01a2f1f35bd6da7b7322
MATH,DCoT,Llama-3.1-8B-Instruct,lora,Run01,predictions/table1/MATH/DCoT/Llama-3.1-8B-Instruct/lora/Run01/predictions.jsonl.gz,5000,44.66,git,a6b74f895099e85df25aed7790978f48
MATH,DCoT,Llama-3.1-8B-Instruct,lora,Run02,predictions/table1/MATH/DCoT/Llama-3.1-8B-Instruct/lora/Run02/predictions.jsonl.gz,5000,45.86,git,0fe9f0cdb6219460b928da004db051c0
MATH,DCoT,Llama-3.1-8B-Instruct,lora,Run03,predictions/table1/MATH/DCoT/Llama-3.1-8B-Instruct/lora/Run03/predictions.jsonl.gz,5000,45.54,git,eb08de2f014d5773a678acf322af6a89
MATH,DCoT,Llama-3.1-8B-Instruct,lora,Run04,predictions/table1/MATH/DCoT/Llama-3.1-8B-Instruct/lora/Run04/predictions.jsonl.gz,5000,44.32,git,2d64545e97f068a1b172ce6d926ac20c
MATH,DCoT,Llama-3.1-8B-Instruct,lora,Run05,predictions/table1/MATH/DCoT/Llama-3.1-8B-Instruct/lora/Run05/predictions.jsonl.gz,5000,45.48,git,d7520c04de275a8be6a0ee3ee5235aad
MATH,DCoT,Llama-3.1-8B-Instruct,lora,Run06,predictions/table1/MATH/DCoT/Llama-3.1-8B-Instruct/lora/Run06/predictions.jsonl.gz,5000,45.22,git,30d7509a947149509f8dac63d1806d75
MATH,DCoT,Llama-3.1-8B-Instruct,lora,Run07,predictions/table1/MATH/DCoT/Llama-3.1-8B-Instruct/lora/Run07/predictions.jsonl.gz,5000,45.44,git,44d94808b37edb224985432a1e14b99e
MATH,DCoT,Llama-3.1-8B-Instruct,lora,Run08,predictions/table1/MATH/DCoT/Llama-3.1-8B-Instruct/lora/Run08/predictions.jsonl.gz,5000,45.94,git,f490b19df94a13e579795284d647f142
MATH,DCoT,Llama-3.1-8B-Instruct,lora,Run09,predictions/table1/MATH/DCoT/Llama-3.1-8B-Instruct/lora/Run09/predictions.jsonl.gz,5000,44.76,git,ab0a79c7a6ccdc09486528ce9992e87f
MATH,DCoT,Llama-3.1-8B-Instruct,lora,Run10,predictions/table1/MATH/DCoT/Llama-3.1-8B-Instruct/lora/Run10/predictions.jsonl.gz,5000,45.06,git,af6a50a3ba5644b1622fb51795759a6d
MATH,SGFT,Llama-3.1-8B-Instruct,lora,Run01,predictions/table1/MATH/SGFT/Llama-3.1-8B-Instruct/lora/Run01/predictions.jsonl.gz,5000,35.6,git,6c175cc66be14136e3c71305c80e631d
MATH,SGFT,Llama-3.1-8B-Instruct,lora,Run02,predictions/table1/MATH/SGFT/Llama-3.1-8B-Instruct/lora/Run02/predictions.jsonl.gz,5000,35.96,git,dabe27efb3cd587ea7d021aa11ce8e23
MATH,SGFT,Llama-3.1-8B-Instruct,lora,Run03,predictions/table1/MATH/SGFT/Llama-3.1-8B-Instruct/lora/Run03/predictions.jsonl.gz,5000,36.08,git,9a28a5d7f44506a868af9911d723ca8b
MATH,SGFT,Llama-3.1-8B-Instruct,lora,Run04,predictions/table1/MATH/SGFT/Llama-3.1-8B-Instruct/lora/Run04/predictions.jsonl.gz,5000,35.96,git,35907b5819f4b45c971455ccf3ac20cb
MATH,SGFT,Llama-3.1-8B-Instruct,lora,Run05,predictions/table1/MATH/SGFT/Llama-3.1-8B-Instruct/lora/Run05/predictions.jsonl.gz,5000,35.86,git,c2c77b331e6cc62e9b759b08476cdf67
MATH,SGFT,Llama-3.1-8B-Instruct,lora,Run06,predictions/table1/MATH/SGFT/Llama-3.1-8B-Instruct/lora/Run06/predictions.jsonl.gz,5000,36.32,git,5acb93e5bec82bf8ffa742bd7967c997
MATH,SGFT,Llama-3.1-8B-Instruct,lora,Run07,predictions/table1/MATH/SGFT/Llama-3.1-8B-Instruct/lora/Run07/predictions.jsonl.gz,5000,36.08,git,d7e6ea2605fb7b75d73726e3635f11e0
MATH,SGFT,Llama-3.1-8B-Instruct,lora,Run08,predictions/table1/MATH/SGFT/Llama-3.1-8B-Instruct/lora/Run08/predictions.jsonl.gz,5000,35.98,git,d189f87835d92f66f81f7e52a6cdb136
MATH,SGFT,Llama-3.1-8B-Instruct,lora,Run09,predictions/table1/MATH/SGFT/Llama-3.1-8B-Instruct/lora/Run09/predictions.jsonl.gz,5000,37.14,git,c4a83b59fe0a323f6b9d358cf002850a
MATH,SGFT,Llama-3.1-8B-Instruct,lora,Run10,predictions/table1/MATH/SGFT/Llama-3.1-8B-Instruct/lora/Run10/predictions.jsonl.gz,5000,36.54,git,1b8d8005fab5b571ad8cb42df6b8403a
MATH,RPB,Llama-3.1-8B-Instruct,lora,Run01,predictions/table1/MATH/RPB/Llama-3.1-8B-Instruct/lora/Run01/predictions.jsonl.gz,5000,48.42,git,64ea3267f49a701771013dac8aaabc42
MATH,RPB,Llama-3.1-8B-Instruct,lora,Run02,predictions/table1/MATH/RPB/Llama-3.1-8B-Instruct/lora/Run02/predictions.jsonl.gz,5000,48.12,git,25799bc05144d5e81a5db34359832be2
MATH,RPB,Llama-3.1-8B-Instruct,lora,Run03,predictions/table1/MATH/RPB/Llama-3.1-8B-Instruct/lora/Run03/predictions.jsonl.gz,5000,49.44,git,1dc6d06746cf270132318a6c2279ff04
MATH,RPB,Llama-3.1-8B-Instruct,lora,Run04,predictions/table1/MATH/RPB/Llama-3.1-8B-Instruct/lora/Run04/predictions.jsonl.gz,5000,49.12,git,cf69cc0c41a49ab1a8db01b89e6360bd
MATH,RPB,Llama-3.1-8B-Instruct,lora,Run05,predictions/table1/MATH/RPB/Llama-3.1-8B-Instruct/lora/Run05/predictions.jsonl.gz,5000,48.62,git,076d6e259c0202b126eccddf272357c4
MATH,RPB,Llama-3.1-8B-Instruct,lora,Run06,predictions/table1/MATH/RPB/Llama-3.1-8B-Instruct/lora/Run06/predictions.jsonl.gz,5000,48.66,git,3d00e572ef52ddfdcfa786832eae330f
MATH,RPB,Llama-3.1-8B-Instruct,lora,Run07,predictions/table1/MATH/RPB/Llama-3.1-8B-Instruct/lora/Run07/predictions.jsonl.gz,5000,49.08,git,b468bcb03e205a02494c3c8faead8440
MATH,RPB,Llama-3.1-8B-Instruct,lora,Run08,predictions/table1/MATH/RPB/Llama-3.1-8B-Instruct/lora/Run08/predictions.jsonl.gz,5000,49.26,git,50c9cf9a26c532036b8040163f0fe216
MATH,RPB,Llama-3.1-8B-Instruct,lora,Run09,predictions/table1/MATH/RPB/Llama-3.1-8B-Instruct/lora/Run09/predictions.jsonl.gz,5000,48.24,git,d55f0890ad3fde3fa92167112c8830ac
MATH,RPB,Llama-3.1-8B-Instruct,lora,Run10,predictions/table1/MATH/RPB/Llama-3.1-8B-Instruct/lora/Run10/predictions.jsonl.gz,5000,48.6,git,15481564197233f0dc841a99eb8416f4
GSM8K,CoT,Qwen3-1.7B,lora,Run01,predictions/table1/GSM8K/CoT/Qwen3-1.7B/lora/Run01/predictions.jsonl.gz,1319,78.165,git,80f3bd8070337795a55e54b885256a49
GSM8K,CoT,Qwen3-1.7B,lora,Run02,predictions/table1/GSM8K/CoT/Qwen3-1.7B/lora/Run02/predictions.jsonl.gz,1319,77.938,git,98933ab4363b04fe82545922ce52f1d2
GSM8K,CoT,Qwen3-1.7B,lora,Run03,predictions/table1/GSM8K/CoT/Qwen3-1.7B/lora/Run03/predictions.jsonl.gz,1319,78.089,git,02eed2250e197793aec0ec0454d1a4a8
GSM8K,CoT,Qwen3-1.7B,lora,Run04,predictions/table1/GSM8K/CoT/Qwen3-1.7B/lora/Run04/predictions.jsonl.gz,1319,77.862,git,2acd66021c0a631515b3ba7416aecd53
GSM8K,CoT,Qwen3-1.7B,lora,Run05,predictions/table1/GSM8K/CoT/Qwen3-1.7B/lora/Run05/predictions.jsonl.gz,1319,78.393,git,0e6884ac449c9d4e7994fe74ede250fa
GSM8K,CoT,Qwen3-1.7B,lora,Run06,predictions/table1/GSM8K/CoT/Qwen3-1.7B/lora/Run06/predictions.jsonl.gz,1319,77.786,git,d96679f43f6e4fa279ceb957a60b844a
GSM8K,CoT,Qwen3-1.7B,lora,Run07,predictions/table1/GSM8K/CoT/Qwen3-1.7B/lora/Run07/predictions.jsonl.gz,1319,77.559,git,76fea07d415323abb94da075c5331221
GSM8K,CoT,Qwen3-1.7B,lora,Run08,predictions/table1/GSM8K/CoT/Qwen3-1.7B/lora/Run08/predictions.jsonl.gz,1319,78.165,git,b8932256ea69a70dd1f6641a474dee9a
GSM8K,CoT,Qwen3-1.7B,lora,Run09,predictions/table1/GSM8K/CoT/Qwen3-1.7B/lora/Run09/predictions.jsonl.gz,1319,77.635,git,24e530a1d548a4c70b9cad794f65f401
GSM8K,CoT,Qwen3-1.7B,lora,Run10,predictions/table1/GSM8K/CoT/Qwen3-1.7B/lora/Run10/predictions.jsonl.gz,1319,77.559,git,93bc1e1811fb0d63fe6e382a77bd571a
GSM8K,Freeform,Qwen3-1.7B,lora,Run01,predictions/table1/GSM8K/Freeform/Qwen3-1.7B/lora/Run01/predictions.jsonl.gz,1319,72.858,git,349f4f55a62e428553451491d90672ac
GSM8K,Freeform,Qwen3-1.7B,lora,Run02,predictions/table1/GSM8K/Freeform/Qwen3-1.7B/lora/Run02/predictions.jsonl.gz,1319,73.692,git,327c3b60914568cdf6ac66f4e7da9201
GSM8K,Freeform,Qwen3-1.7B,lora,Run03,predictions/table1/GSM8K/Freeform/Qwen3-1.7B/lora/Run03/predictions.jsonl.gz,1319,73.995,git,1192cfa84c50b0a9907671cec0f95c9a
GSM8K,Freeform,Qwen3-1.7B,lora,Run04,predictions/table1/GSM8K/Freeform/Qwen3-1.7B/lora/Run04/predictions.jsonl.gz,1319,74.678,git,2b952d782fd69e000e0ec806feaadf03
GSM8K,Freeform,Qwen3-1.7B,lora,Run05,predictions/table1/GSM8K/Freeform/Qwen3-1.7B/lora/Run05/predictions.jsonl.gz,1319,72.782,git,82c5423f829d437b5859d78deb46db08
GSM8K,Freeform,Qwen3-1.7B,lora,Run06,predictions/table1/GSM8K/Freeform/Qwen3-1.7B/lora/Run06/predictions.jsonl.gz,1319,72.555,git,84b9a4bc46fa2b8ee32a6ecd62f74303
GSM8K,Freeform,Qwen3-1.7B,lora,Run07,predictions/table1/GSM8K/Freeform/Qwen3-1.7B/lora/Run07/predictions.jsonl.gz,1319,73.465,git,029b6739ff480b840986ed03fb52ab26
GSM8K,Freeform,Qwen3-1.7B,lora,Run08,predictions/table1/GSM8K/Freeform/Qwen3-1.7B/lora/Run08/predictions.jsonl.gz,1319,73.01,git,668283b85a7c369831284a0862d3d212
GSM8K,Freeform,Qwen3-1.7B,lora,Run09,predictions/table1/GSM8K/Freeform/Qwen3-1.7B/lora/Run09/predictions.jsonl.gz,1319,72.858,git,7ec7767828f32c894858826c2c1b3f19
GSM8K,Freeform,Qwen3-1.7B,lora,Run10,predictions/table1/GSM8K/Freeform/Qwen3-1.7B/lora/Run10/predictions.jsonl.gz,1319,73.92,git,751e6b9ed8fb49f3604f3f45b3292746
GSM8K,DCoT,Qwen3-1.7B,lora,Run01,predictions/table1/GSM8K/DCoT/Qwen3-1.7B/lora/Run01/predictions.jsonl.gz,1319,73.01,git,809989dafcc0f56f3674583db1c9caf4
GSM8K,DCoT,Qwen3-1.7B,lora,Run02,predictions/table1/GSM8K/DCoT/Qwen3-1.7B/lora/Run02/predictions.jsonl.gz,1319,74.299,git,c9a1abde5a67bd772d5855df1efa5182
GSM8K,DCoT,Qwen3-1.7B,lora,Run03,predictions/table1/GSM8K/DCoT/Qwen3-1.7B/lora/Run03/predictions.jsonl.gz,1319,73.01,git,8b6193db1e9ba3542209a998e64965cf
GSM8K,DCoT,Qwen3-1.7B,lora,Run04,predictions/table1/GSM8K/DCoT/Qwen3-1.7B/lora/Run04/predictions.jsonl.gz,1319,74.602,git,5e7f7406b6632fc8b394bf7c003662d0
GSM8K,DCoT,Qwen3-1.7B,lora,Run05,predictions/table1/GSM8K/DCoT/Qwen3-1.7B/lora/Run05/predictions.jsonl.gz,1319,75.057,git,cdd9cde36363d458cb03a564f3d3aae9
GSM8K,DCoT,Qwen3-1.7B,lora,Run06,predictions/table1/GSM8K/DCoT/Qwen3-1.7B/lora/Run06/predictions.jsonl.gz,1319,73.616,git,b9e30f420b48727be8c2ffb216728c25
GSM8K,DCoT,Qwen3-1.7B,lora,Run07,predictions/table1/GSM8K/DCoT/Qwen3-1.7B/lora/Run07/predictions.jsonl.gz,1319,74.375,git,63b4cabbdf741af6eb2727ea23debc8a
GSM8K,DCoT,Qwen3-1.7B,lora,Run08,predictions/table1/GSM8K/DCoT/Qwen3-1.7B/lora/Run08/predictions.jsonl.gz,1319,73.92,git,08a443a8ef022efab6118b34cf5b2420
GSM8K,DCoT,Qwen3-1.7B,lora,Run09,predictions/table1/GSM8K/DCoT/Qwen3-1.7B/lora/Run09/predictions.jsonl.gz,1319,73.541,git,5913fe72fa46bbe550125c5741233f02
GSM8K,DCoT,Qwen3-1.7B,lora,Run10,predictions/table1/GSM8K/DCoT/Qwen3-1.7B/lora/Run10/predictions.jsonl.gz,1319,74.45,git,143e96111591eca36592e40e780e12e7
GSM8K,SGFT,Qwen3-1.7B,lora,Run01,predictions/table1/GSM8K/SGFT/Qwen3-1.7B/lora/Run01/predictions.jsonl.gz,1319,64.367,git,04d0ce85a2f5f2ea7918012790e9d291
GSM8K,SGFT,Qwen3-1.7B,lora,Run02,predictions/table1/GSM8K/SGFT/Qwen3-1.7B/lora/Run02/predictions.jsonl.gz,1319,65.504,git,f8d0b4a96c91dd85997af7c384547550
GSM8K,SGFT,Qwen3-1.7B,lora,Run03,predictions/table1/GSM8K/SGFT/Qwen3-1.7B/lora/Run03/predictions.jsonl.gz,1319,65.201,git,29b9c91812ca00ceaaf0226156e45731
GSM8K,SGFT,Qwen3-1.7B,lora,Run04,predictions/table1/GSM8K/SGFT/Qwen3-1.7B/lora/Run04/predictions.jsonl.gz,1319,64.822,git,943ce4d255ef974ea45cd9ecb91e9c5e
GSM8K,SGFT,Qwen3-1.7B,lora,Run05,predictions/table1/GSM8K/SGFT/Qwen3-1.7B/lora/Run05/predictions.jsonl.gz,1319,65.883,git,56fc044329162fe72f33a0270578c6de
GSM8K,SGFT,Qwen3-1.7B,lora,Run06,predictions/table1/GSM8K/SGFT/Qwen3-1.7B/lora/Run06/predictions.jsonl.gz,1319,66.262,git,ff56507f4a42bf15ae9b41fe89338f58
GSM8K,SGFT,Qwen3-1.7B,lora,Run07,predictions/table1/GSM8K/SGFT/Qwen3-1.7B/lora/Run07/predictions.jsonl.gz,1319,65.959,git,c1566a84e5b255bd3e91285dfd8a1fa8
GSM8K,SGFT,Qwen3-1.7B,lora,Run08,predictions/table1/GSM8K/SGFT/Qwen3-1.7B/lora/Run08/predictions.jsonl.gz,1319,65.883,git,3e3661fe80dcc8749f31acd945dc529f
GSM8K,SGFT,Qwen3-1.7B,lora,Run09,predictions/table1/GSM8K/SGFT/Qwen3-1.7B/lora/Run09/predictions.jsonl.gz,1319,64.973,git,d7e20d4abedf24992493bc4d31093661
GSM8K,SGFT,Qwen3-1.7B,lora,Run10,predictions/table1/GSM8K/SGFT/Qwen3-1.7B/lora/Run10/predictions.jsonl.gz,1319,65.58,git,661ed1289d2d301fcfc789907a5c3d6a
GSM8K,RPB,Qwen3-1.7B,lora,Run01,predictions/table1/GSM8K/RPB/Qwen3-1.7B/lora/Run01/predictions.jsonl.gz,1319,79.454,git,fa94d14a8ca9e83e54265ab7f4c34ed0
GSM8K,RPB,Qwen3-1.7B,lora,Run02,predictions/table1/GSM8K/RPB/Qwen3-1.7B/lora/Run02/predictions.jsonl.gz,1319,77.18,git,495a481ddcba59740af986ee3cad3e8e
GSM8K,RPB,Qwen3-1.7B,lora,Run03,predictions/table1/GSM8K/RPB/Qwen3-1.7B/lora/Run03/predictions.jsonl.gz,1319,76.346,git,27fe0fca2fe30151461e9bd25aa31d04
GSM8K,RPB,Qwen3-1.7B,lora,Run04,predictions/table1/GSM8K/RPB/Qwen3-1.7B/lora/Run04/predictions.jsonl.gz,1319,78.165,git,bf711e21c34e61c55165093475856d41
GSM8K,RPB,Qwen3-1.7B,lora,Run05,predictions/table1/GSM8K/RPB/Qwen3-1.7B/lora/Run05/predictions.jsonl.gz,1319,79.151,git,6a405035056181ffdb4fd3ddec306639
GSM8K,RPB,Qwen3-1.7B,lora,Run06,predictions/table1/GSM8K/RPB/Qwen3-1.7B/lora/Run06/predictions.jsonl.gz,1319,77.862,git,6f7ca160ef201a9a6c8aab674b89e040
GSM8K,RPB,Qwen3-1.7B,lora,Run07,predictions/table1/GSM8K/RPB/Qwen3-1.7B/lora/Run07/predictions.jsonl.gz,1319,78.848,git,2dfe8d345202b4899b8431620ad3fa92
GSM8K,RPB,Qwen3-1.7B,lora,Run08,predictions/table1/GSM8K/RPB/Qwen3-1.7B/lora/Run08/predictions.jsonl.gz,1319,78.469,git,1fc7e2a4f8ba69de178c95ae103d6a5c
GSM8K,RPB,Qwen3-1.7B,lora,Run09,predictions/table1/GSM8K/RPB/Qwen3-1.7B/lora/Run09/predictions.jsonl.gz,1319,78.923,git,a64d749bdf54340c02cdabfc080a06e8
GSM8K,RPB,Qwen3-1.7B,lora,Run10,predictions/table1/GSM8K/RPB/Qwen3-1.7B/lora/Run10/predictions.jsonl.gz,1319,78.544,git,3a981810166e14bb06e87d50c388f2e8
AQUA,CoT,Qwen3-1.7B,lora,Run01,predictions/table1/AQUA/CoT/Qwen3-1.7B/lora/Run01/predictions.jsonl.gz,254,61.417,git,72ecf5350d7072631a1bb327499248c3
AQUA,CoT,Qwen3-1.7B,lora,Run02,predictions/table1/AQUA/CoT/Qwen3-1.7B/lora/Run02/predictions.jsonl.gz,254,59.055,git,2d92397c087739af87996e5b718a2e73
AQUA,CoT,Qwen3-1.7B,lora,Run03,predictions/table1/AQUA/CoT/Qwen3-1.7B/lora/Run03/predictions.jsonl.gz,254,60.236,git,5e59128a81d7569f47348258afb24f67
AQUA,CoT,Qwen3-1.7B,lora,Run04,predictions/table1/AQUA/CoT/Qwen3-1.7B/lora/Run04/predictions.jsonl.gz,254,59.055,git,140ca51bd70b12571b8588f751b192c8
AQUA,CoT,Qwen3-1.7B,lora,Run05,predictions/table1/AQUA/CoT/Qwen3-1.7B/lora/Run05/predictions.jsonl.gz,254,60.236,git,7bac7e4640014715490dd2ae71eb031b
AQUA,CoT,Qwen3-1.7B,lora,Run06,predictions/table1/AQUA/CoT/Qwen3-1.7B/lora/Run06/predictions.jsonl.gz,254,60.236,git,4dbffba5c8af418e1f6401222739efa3
AQUA,CoT,Qwen3-1.7B,lora,Run07,predictions/table1/AQUA/CoT/Qwen3-1.7B/lora/Run07/predictions.jsonl.gz,254,58.661,git,30298cd580b12baed995ba66ba2593c2
AQUA,CoT,Qwen3-1.7B,lora,Run08,predictions/table1/AQUA/CoT/Qwen3-1.7B/lora/Run08/predictions.jsonl.gz,254,61.024,git,5c52d0277af2a6ca4ab0019a1cdec1ec
AQUA,CoT,Qwen3-1.7B,lora,Run09,predictions/table1/AQUA/CoT/Qwen3-1.7B/lora/Run09/predictions.jsonl.gz,254,59.843,git,e14b9490aafd51b40866676032806576
AQUA,CoT,Qwen3-1.7B,lora,Run10,predictions/table1/AQUA/CoT/Qwen3-1.7B/lora/Run10/predictions.jsonl.gz,254,59.449,git,28c224941e40ab159a69b68063c13a0c
AQUA,Freeform,Qwen3-1.7B,lora,Run01,predictions/table1/AQUA/Freeform/Qwen3-1.7B/lora/Run01/predictions.jsonl.gz,254,62.992,git,a2ef4ea832e107ff14196c6724061d4c
AQUA,Freeform,Qwen3-1.7B,lora,Run02,predictions/table1/AQUA/Freeform/Qwen3-1.7B/lora/Run02/predictions.jsonl.gz,254,64.567,git,680a385c6cb4391c11ba1e90cfdb28ac
AQUA,Freeform,Qwen3-1.7B,lora,Run03,predictions/table1/AQUA/Freeform/Qwen3-1.7B/lora/Run03/predictions.jsonl.gz,254,61.811,git,010c4418d1e8f22272f3c6ecf2e3951a
AQUA,Freeform,Qwen3-1.7B,lora,Run04,predictions/table1/AQUA/Freeform/Qwen3-1.7B/lora/Run04/predictions.jsonl.gz,254,62.205,git,bc1d8e6ec9ff1c1d86261c8085a0596e
AQUA,Freeform,Qwen3-1.7B,lora,Run05,predictions/table1/AQUA/Freeform/Qwen3-1.7B/lora/Run05/predictions.jsonl.gz,254,63.78,git,f07c1faef1901cad71861b10a45524cf
AQUA,Freeform,Qwen3-1.7B,lora,Run06,predictions/table1/AQUA/Freeform/Qwen3-1.7B/lora/Run06/predictions.jsonl.gz,254,62.205,git,98b6f573cc68c56188523ac77655c480
AQUA,Freeform,Qwen3-1.7B,lora,Run07,predictions/table1/AQUA/Freeform/Qwen3-1.7B/lora/Run07/predictions.jsonl.gz,254,63.386,git,d3c95d9d6bdcc9480d4cf100f31f743f
AQUA,Freeform,Qwen3-1.7B,lora,Run08,predictions/table1/AQUA/Freeform/Qwen3-1.7B/lora/Run08/predictions.jsonl.gz,254,62.992,git,16d2d0888bd013b21a38597f6c2e99ce
AQUA,Freeform,Qwen3-1.7B,lora,Run09,predictions/table1/AQUA/Freeform/Qwen3-1.7B/lora/Run09/predictions.jsonl.gz,254,63.386,git,663fcefc0298f3b2e33073fb2b821fd6
AQUA,Freeform,Qwen3-1.7B,lora,Run10,predictions/table1/AQUA/Freeform/Qwen3-1.7B/lora/Run10/predictions.jsonl.gz,254,62.598,git,24656cba7e5d5be029c180d5e710d99e
AQUA,SuperCorrect,Qwen3-1.7B,lora,Run01,predictions/table1/AQUA/SuperCorrect/Qwen3-1.7B/lora/Run01/predictions.jsonl.gz,254,63.386,git,efe9185dc50da825e4728fd5850a8000
AQUA,SuperCorrect,Qwen3-1.7B,lora,Run02,predictions/table1/AQUA/SuperCorrect/Qwen3-1.7B/lora/Run02/predictions.jsonl.gz,254,61.417,git,fffb2dd3de928d7b076db0e40b3ff2fd
AQUA,SuperCorrect,Qwen3-1.7B,lora,Run03,predictions/table1/AQUA/SuperCorrect/Qwen3-1.7B/lora/Run03/predictions.jsonl.gz,254,66.535,git,a4bde1e2fb1e5abd7c8aa5efe4f0a662
AQUA,SuperCorrect,Qwen3-1.7B,lora,Run04,predictions/table1/AQUA/SuperCorrect/Qwen3-1.7B/lora/Run04/predictions.jsonl.gz,254,65.748,git,346acd4e991be17f2ec2a95264d67f55
AQUA,SuperCorrect,Qwen3-1.7B,lora,Run05,predictions/table1/AQUA/SuperCorrect/Qwen3-1.7B/lora/Run05/predictions.jsonl.gz,254,68.504,git,00f5640dec5e3bd44d6afef58b804f25
AQUA,SuperCorrect,Qwen3-1.7B,lora,Run06,predictions/table1/AQUA/SuperCorrect/Qwen3-1.7B/lora/Run06/predictions.jsonl.gz,254,61.811,git,8c41af9816fa43aeb62159d6fbd4d0c5
AQUA,SuperCorrect,Qwen3-1.7B,lora,Run07,predictions/table1/AQUA/SuperCorrect/Qwen3-1.7B/lora/Run07/predictions.jsonl.gz,254,65.354,git,6cd368032f0039c4f1138704b6881a70
AQUA,SuperCorrect,Qwen3-1.7B,lora,Run08,predictions/table1/AQUA/SuperCorrect/Qwen3-1.7B/lora/Run08/predictions.jsonl.gz,254,61.417,git,fd1f289a260c01fb0e659d375b97f633
AQUA,SuperCorrect,Qwen3-1.7B,lora,Run09,predictions/table1/AQUA/SuperCorrect/Qwen3-1.7B/lora/Run09/predictions.jsonl.gz,254,62.598,git,c0724245929f28ed98d0993977400bd4
AQUA,SuperCorrect,Qwen3-1.7B,lora,Run10,predictions/table1/AQUA/SuperCorrect/Qwen3-1.7B/lora/Run10/predictions.jsonl.gz,254,61.024,git,aab6a180fa6fb4f4881583d9bef1a92b
AQUA,DCoT,Qwen3-1.7B,lora,Run01,predictions/table1/AQUA/DCoT/Qwen3-1.7B/lora/Run01/predictions.jsonl.gz,254,58.661,git,fda913c35b42de829764bdba14f85dd0
AQUA,DCoT,Qwen3-1.7B,lora,Run02,predictions/table1/AQUA/DCoT/Qwen3-1.7B/lora/Run02/predictions.jsonl.gz,254,59.449,git,6d09139fad973e1f5b44e4cdc3d7ebd8
AQUA,DCoT,Qwen3-1.7B,lora,Run03,predictions/table1/AQUA/DCoT/Qwen3-1.7B/lora/Run03/predictions.jsonl.gz,254,58.661,git,8f5744086bc28971b6fc50ef98d1919b
AQUA,DCoT,Qwen3-1.7B,lora,Run04,predictions/table1/AQUA/DCoT/Qwen3-1.7B/lora/Run04/predictions.jsonl.gz,254,61.417,git,ab88ce25c54d0c1fd49fd9772d524ffd
AQUA,DCoT,Qwen3-1.7B,lora,Run05,predictions/table1/AQUA/DCoT/Qwen3-1.7B/lora/Run05/predictions.jsonl.gz,254,58.661,git,e7224704f3b55bc8c6298b90b88971b0
AQUA,DCoT,Qwen3-1.7B,lora,Run06,predictions/table1/AQUA/DCoT/Qwen3-1.7B/lora/Run06/predictions.jsonl.gz,254,61.811,git,e0f4709449f71c0e2b237fccaad9d045
AQUA,DCoT,Qwen3-1.7B,lora,Run07,predictions/table1/AQUA/DCoT/Qwen3-1.7B/lora/Run07/predictions.jsonl.gz,254,59.449,git,4ca107e7ab471d09d567ee2690838299
AQUA,DCoT,Qwen3-1.7B,lora,Run08,predictions/table1/AQUA/DCoT/Qwen3-1.7B/lora/Run08/predictions.jsonl.gz,254,57.48,git,5c4eb3fa7064db9d535cf7f0a28cf333
AQUA,DCoT,Qwen3-1.7B,lora,Run09,predictions/table1/AQUA/DCoT/Qwen3-1.7B/lora/Run09/predictions.jsonl.gz,254,60.236,git,92cdb723f7aa5cdadc75e70b7885bfcb
AQUA,DCoT,Qwen3-1.7B,lora,Run10,predictions/table1/AQUA/DCoT/Qwen3-1.7B/lora/Run10/predictions.jsonl.gz,254,60.63,git,ce833fb4d9df25f2f5b9a4263a23d9f7
AQUA,SGFT,Qwen3-1.7B,lora,Run01,predictions/table1/AQUA/SGFT/Qwen3-1.7B/lora/Run01/predictions.jsonl.gz,254,19.685,git,70a7219e4c6188119daa9a1140136ef9
AQUA,SGFT,Qwen3-1.7B,lora,Run02,predictions/table1/AQUA/SGFT/Qwen3-1.7B/lora/Run02/predictions.jsonl.gz,254,54.331,git,5041283c4dcf34f4e4bd0301fc2c4df0
AQUA,SGFT,Qwen3-1.7B,lora,Run03,predictions/table1/AQUA/SGFT/Qwen3-1.7B/lora/Run03/predictions.jsonl.gz,254,53.15,git,9cd511608e72fd36849998ce0609427d
AQUA,SGFT,Qwen3-1.7B,lora,Run04,predictions/table1/AQUA/SGFT/Qwen3-1.7B/lora/Run04/predictions.jsonl.gz,254,50.394,git,020b5b00d650854b35343b8e83cf0f4d
AQUA,SGFT,Qwen3-1.7B,lora,Run05,predictions/table1/AQUA/SGFT/Qwen3-1.7B/lora/Run05/predictions.jsonl.gz,254,48.425,git,b0e5c2281feb47451fcf31e628255b4e
AQUA,SGFT,Qwen3-1.7B,lora,Run06,predictions/table1/AQUA/SGFT/Qwen3-1.7B/lora/Run06/predictions.jsonl.gz,254,56.693,git,c388c8e4f1ccf1175ae417421a901548
AQUA,SGFT,Qwen3-1.7B,lora,Run07,predictions/table1/AQUA/SGFT/Qwen3-1.7B/lora/Run07/predictions.jsonl.gz,254,51.969,git,50928d7fd7d26928f6e0cb84b5e96b11
AQUA,SGFT,Qwen3-1.7B,lora,Run08,predictions/table1/AQUA/SGFT/Qwen3-1.7B/lora/Run08/predictions.jsonl.gz,254,49.606,git,99c234f6c58adf39e83f79cb6fdd4e3d
AQUA,SGFT,Qwen3-1.7B,lora,Run09,predictions/table1/AQUA/SGFT/Qwen3-1.7B/lora/Run09/predictions.jsonl.gz,254,52.362,git,9a35d3dc48125406bb6e7e64ef3e3523
AQUA,SGFT,Qwen3-1.7B,lora,Run10,predictions/table1/AQUA/SGFT/Qwen3-1.7B/lora/Run10/predictions.jsonl.gz,254,53.937,git,b7990715a201f803841afa5fca16b03b
AQUA,RPB,Qwen3-1.7B,lora,Run01,predictions/table1/AQUA/RPB/Qwen3-1.7B/lora/Run01/predictions.jsonl.gz,254,74.016,git,461dc8d64a7bcbd9b5c237f57912efd5
AQUA,RPB,Qwen3-1.7B,lora,Run02,predictions/table1/AQUA/RPB/Qwen3-1.7B/lora/Run02/predictions.jsonl.gz,254,74.409,git,e911f1cb8f302ce92a1923c747197fcb
AQUA,RPB,Qwen3-1.7B,lora,Run03,predictions/table1/AQUA/RPB/Qwen3-1.7B/lora/Run03/predictions.jsonl.gz,254,71.26,git,6156a0d817289e54992ea36e3573e318
AQUA,RPB,Qwen3-1.7B,lora,Run04,predictions/table1/AQUA/RPB/Qwen3-1.7B/lora/Run04/predictions.jsonl.gz,254,75.984,git,de07cafdfaca7f373950233bac6bff3a
AQUA,RPB,Qwen3-1.7B,lora,Run05,predictions/table1/AQUA/RPB/Qwen3-1.7B/lora/Run05/predictions.jsonl.gz,254,76.378,git,c4c897c01d9cd18af6d5bee172964573
AQUA,RPB,Qwen3-1.7B,lora,Run06,predictions/table1/AQUA/RPB/Qwen3-1.7B/lora/Run06/predictions.jsonl.gz,254,76.772,git,a21ed98a7f918f58d3049f5a5f465f36
AQUA,RPB,Qwen3-1.7B,lora,Run07,predictions/table1/AQUA/RPB/Qwen3-1.7B/lora/Run07/predictions.jsonl.gz,254,74.803,git,68e576dad459849e79b20c01e9526a5f
AQUA,RPB,Qwen3-1.7B,lora,Run08,predictions/table1/AQUA/RPB/Qwen3-1.7B/lora/Run08/predictions.jsonl.gz,254,72.441,git,c0d42dd435b28c2ec6536eac0f6977dc
AQUA,RPB,Qwen3-1.7B,lora,Run09,predictions/table1/AQUA/RPB/Qwen3-1.7B/lora/Run09/predictions.jsonl.gz,254,76.772,git,95ca3652e41a22f61ff68a9258398dc9
AQUA,RPB,Qwen3-1.7B,lora,Run10,predictions/table1/AQUA/RPB/Qwen3-1.7B/lora/Run10/predictions.jsonl.gz,254,74.803,git,2914a598aae24a089042caaaf690de69
StrategyQA,CoT,Qwen3-1.7B,lora,Run01,predictions/table1/StrategyQA/CoT/Qwen3-1.7B/lora/Run01/predictions.jsonl.gz,229,62.445,git,c223650458d17c7ceb28f01d178ddbe8
StrategyQA,CoT,Qwen3-1.7B,lora,Run02,predictions/table1/StrategyQA/CoT/Qwen3-1.7B/lora/Run02/predictions.jsonl.gz,229,62.445,git,c61196f15ba325f807a56e49c004629e
StrategyQA,CoT,Qwen3-1.7B,lora,Run03,predictions/table1/StrategyQA/CoT/Qwen3-1.7B/lora/Run03/predictions.jsonl.gz,229,62.009,git,e215d73494e2bfb145d94f1f0f996c0d
StrategyQA,CoT,Qwen3-1.7B,lora,Run04,predictions/table1/StrategyQA/CoT/Qwen3-1.7B/lora/Run04/predictions.jsonl.gz,229,60.262,git,e7c9fb98da1fdd398cb7948e88f9fc60
StrategyQA,CoT,Qwen3-1.7B,lora,Run05,predictions/table1/StrategyQA/CoT/Qwen3-1.7B/lora/Run05/predictions.jsonl.gz,229,60.262,git,56a74f5ef34709637aef134af27f01f7
StrategyQA,CoT,Qwen3-1.7B,lora,Run06,predictions/table1/StrategyQA/CoT/Qwen3-1.7B/lora/Run06/predictions.jsonl.gz,229,62.882,git,7d49913f87d0b7ad6854e4b9cc208694
StrategyQA,CoT,Qwen3-1.7B,lora,Run07,predictions/table1/StrategyQA/CoT/Qwen3-1.7B/lora/Run07/predictions.jsonl.gz,229,62.009,git,f378c28ea715a4289e7d638f6ae0e74d
StrategyQA,CoT,Qwen3-1.7B,lora,Run08,predictions/table1/StrategyQA/CoT/Qwen3-1.7B/lora/Run08/predictions.jsonl.gz,229,62.445,git,485b2f43f1c29543a559493f6d686a45
StrategyQA,CoT,Qwen3-1.7B,lora,Run09,predictions/table1/StrategyQA/CoT/Qwen3-1.7B/lora/Run09/predictions.jsonl.gz,229,62.009,git,e7efe0b8775288f66fc6f7f02d4f779a
StrategyQA,CoT,Qwen3-1.7B,lora,Run10,predictions/table1/StrategyQA/CoT/Qwen3-1.7B/lora/Run10/predictions.jsonl.gz,229,62.445,git,689dedc5fb05a78603975d35a890df7e
StrategyQA,Freeform,Qwen3-1.7B,lora,Run01,predictions/table1/StrategyQA/Freeform/Qwen3-1.7B/lora/Run01/predictions.jsonl.gz,229,59.389,git,e93e3baa241a9de4a17fda9cf10d7738
StrategyQA,Freeform,Qwen3-1.7B,lora,Run02,predictions/table1/StrategyQA/Freeform/Qwen3-1.7B/lora/Run02/predictions.jsonl.gz,229,62.445,git,f566fe1b75986a2227c70176a67bb852
StrategyQA,Freeform,Qwen3-1.7B,lora,Run03,predictions/table1/StrategyQA/Freeform/Qwen3-1.7B/lora/Run03/predictions.jsonl.gz,229,60.262,git,bd5488d7ab3ab01633835798826ddcb7
StrategyQA,Freeform,Qwen3-1.7B,lora,Run04,predictions/table1/StrategyQA/Freeform/Qwen3-1.7B/lora/Run04/predictions.jsonl.gz,229,62.009,git,f8dbec120a11fd77987be02547b72517
StrategyQA,Freeform,Qwen3-1.7B,lora,Run05,predictions/table1/StrategyQA/Freeform/Qwen3-1.7B/lora/Run05/predictions.jsonl.gz,229,64.192,git,3c08a8fa15a1df81347265c3f5f7b546
StrategyQA,Freeform,Qwen3-1.7B,lora,Run06,predictions/table1/StrategyQA/Freeform/Qwen3-1.7B/lora/Run06/predictions.jsonl.gz,229,65.939,git,576fb756d4851e025dcf143f16bbaec1
StrategyQA,Freeform,Qwen3-1.7B,lora,Run07,predictions/table1/StrategyQA/Freeform/Qwen3-1.7B/lora/Run07/predictions.jsonl.gz,229,63.755,git,6758cfed996a23837a7f8859e93b762b
StrategyQA,Freeform,Qwen3-1.7B,lora,Run08,predictions/table1/StrategyQA/Freeform/Qwen3-1.7B/lora/Run08/predictions.jsonl.gz,229,59.389,git,70c54cef126c9832c90a6e8ee720f730
StrategyQA,Freeform,Qwen3-1.7B,lora,Run09,predictions/table1/StrategyQA/Freeform/Qwen3-1.7B/lora/Run09/predictions.jsonl.gz,229,59.825,git,b736f219a4feb14c85ab1181f5fe7e03
StrategyQA,Freeform,Qwen3-1.7B,lora,Run10,predictions/table1/StrategyQA/Freeform/Qwen3-1.7B/lora/Run10/predictions.jsonl.gz,229,60.262,git,a09dfcb670d87085edbc57c25e94a586
StrategyQA,DCoT,Qwen3-1.7B,lora,Run01,predictions/table1/StrategyQA/DCoT/Qwen3-1.7B/lora/Run01/predictions.jsonl.gz,229,66.812,git,2f8b05ab30c966661ea54872c40a29e1
StrategyQA,DCoT,Qwen3-1.7B,lora,Run02,predictions/table1/StrategyQA/DCoT/Qwen3-1.7B/lora/Run02/predictions.jsonl.gz,229,65.939,git,f65844d2caa216c21308a03f095722f8
StrategyQA,DCoT,Qwen3-1.7B,lora,Run03,predictions/table1/StrategyQA/DCoT/Qwen3-1.7B/lora/Run03/predictions.jsonl.gz,229,65.502,git,c08cdc46524f62e707d745df3b4825e7
StrategyQA,DCoT,Qwen3-1.7B,lora,Run04,predictions/table1/StrategyQA/DCoT/Qwen3-1.7B/lora/Run04/predictions.jsonl.gz,229,65.939,git,0b560c4c6393c3a0357a04ac9892bdd0
StrategyQA,DCoT,Qwen3-1.7B,lora,Run05,predictions/table1/StrategyQA/DCoT/Qwen3-1.7B/lora/Run05/predictions.jsonl.gz,229,65.502,git,0d0bbea490635a648c9161beb4a32a7a
StrategyQA,DCoT,Qwen3-1.7B,lora,Run06,predictions/table1/StrategyQA/DCoT/Qwen3-1.7B/lora/Run06/predictions.jsonl.gz,229,64.629,git,338b8c9422b1fe5fc18646e73f551dce
StrategyQA,DCoT,Qwen3-1.7B,lora,Run07,predictions/table1/StrategyQA/DCoT/Qwen3-1.7B/lora/Run07/predictions.jsonl.gz,229,67.249,git,ceea99a4d3eb94ea821f30404a9b8bf5
StrategyQA,DCoT,Qwen3-1.7B,lora,Run08,predictions/table1/StrategyQA/DCoT/Qwen3-1.7B/lora/Run08/predictions.jsonl.gz,229,66.812,git,2eda4db87d24db352d56843c87826e72
StrategyQA,DCoT,Qwen3-1.7B,lora,Run09,predictions/table1/StrategyQA/DCoT/Qwen3-1.7B/lora/Run09/predictions.jsonl.gz,229,68.996,git,90a0e50e5f991038a9a2a115e8de7430
StrategyQA,DCoT,Qwen3-1.7B,lora,Run10,predictions/table1/StrategyQA/DCoT/Qwen3-1.7B/lora/Run10/predictions.jsonl.gz,229,64.192,git,a274c19ce4d013ebb0a40b6eccd254a2
StrategyQA,RPB,Qwen3-1.7B,lora,Run01,predictions/table1/StrategyQA/RPB/Qwen3-1.7B/lora/Run01/predictions.jsonl.gz,229,65.502,git,52f0094170ec180b4d71782cb95f04a5
StrategyQA,RPB,Qwen3-1.7B,lora,Run02,predictions/table1/StrategyQA/RPB/Qwen3-1.7B/lora/Run02/predictions.jsonl.gz,229,64.192,git,80aea805bff0a44e2accfb6e5b59c214
StrategyQA,RPB,Qwen3-1.7B,lora,Run03,predictions/table1/StrategyQA/RPB/Qwen3-1.7B/lora/Run03/predictions.jsonl.gz,229,62.009,git,ff6131b87d88244fd15faaaf8f2154bc
StrategyQA,RPB,Qwen3-1.7B,lora,Run04,predictions/table1/StrategyQA/RPB/Qwen3-1.7B/lora/Run04/predictions.jsonl.gz,229,62.882,git,d433176c990457c601de779d68d3f24d
StrategyQA,RPB,Qwen3-1.7B,lora,Run05,predictions/table1/StrategyQA/RPB/Qwen3-1.7B/lora/Run05/predictions.jsonl.gz,229,63.755,git,af71feacdff73e609976cce8c8bfc2b2
StrategyQA,RPB,Qwen3-1.7B,lora,Run06,predictions/table1/StrategyQA/RPB/Qwen3-1.7B/lora/Run06/predictions.jsonl.gz,229,69.432,git,2420e91e007ef0d625a3f8fef0d9c9fd
StrategyQA,RPB,Qwen3-1.7B,lora,Run07,predictions/table1/StrategyQA/RPB/Qwen3-1.7B/lora/Run07/predictions.jsonl.gz,229,61.572,git,74c0f2125b25c2550e68d83705bc0aed
StrategyQA,RPB,Qwen3-1.7B,lora,Run08,predictions/table1/StrategyQA/RPB/Qwen3-1.7B/lora/Run08/predictions.jsonl.gz,229,65.066,git,cc449b33dc8f419aa57771d0b79807a0
StrategyQA,RPB,Qwen3-1.7B,lora,Run09,predictions/table1/StrategyQA/RPB/Qwen3-1.7B/lora/Run09/predictions.jsonl.gz,229,63.755,git,b2bb95376b7b75386e9d8baa3743381f
StrategyQA,RPB,Qwen3-1.7B,lora,Run10,predictions/table1/StrategyQA/RPB/Qwen3-1.7B/lora/Run10/predictions.jsonl.gz,229,67.686,git,b8cc62d7e7577df704b169dd5e7ebda8
AI2ARC,Freeform,Qwen3-1.7B,lora,Run01,predictions/table1/AI2ARC/Freeform/Qwen3-1.7B/lora/Run01/predictions.jsonl.gz,1557,88.568,git,64bc4c692ac3cb88f9ffe3e70b8fc513
AI2ARC,Freeform,Qwen3-1.7B,lora,Run02,predictions/table1/AI2ARC/Freeform/Qwen3-1.7B/lora/Run02/predictions.jsonl.gz,1557,89.017,git,03f79c87e5568db3229a82976a3f52a9
AI2ARC,Freeform,Qwen3-1.7B,lora,Run03,predictions/table1/AI2ARC/Freeform/Qwen3-1.7B/lora/Run03/predictions.jsonl.gz,1557,88.311,git,9a568290c4edb8fb3b6924de9d8a590e
AI2ARC,Freeform,Qwen3-1.7B,lora,Run04,predictions/table1/AI2ARC/Freeform/Qwen3-1.7B/lora/Run04/predictions.jsonl.gz,1557,88.696,git,c4d3b691a4e8174922755e7ae6ce100f
AI2ARC,Freeform,Qwen3-1.7B,lora,Run05,predictions/table1/AI2ARC/Freeform/Qwen3-1.7B/lora/Run05/predictions.jsonl.gz,1557,88.696,git,9fb424e2357dd9403d7566763f7af18b
AI2ARC,Freeform,Qwen3-1.7B,lora,Run06,predictions/table1/AI2ARC/Freeform/Qwen3-1.7B/lora/Run06/predictions.jsonl.gz,1557,88.632,git,8658c7c76beeb354e13b19c2b0d47fd2
AI2ARC,Freeform,Qwen3-1.7B,lora,Run07,predictions/table1/AI2ARC/Freeform/Qwen3-1.7B/lora/Run07/predictions.jsonl.gz,1557,88.439,git,4158fb99010479281f1ffd1ccee0fcc4
AI2ARC,Freeform,Qwen3-1.7B,lora,Run08,predictions/table1/AI2ARC/Freeform/Qwen3-1.7B/lora/Run08/predictions.jsonl.gz,1557,88.504,git,e6dfbaac923a9c95349cc3f6695aa21b
AI2ARC,Freeform,Qwen3-1.7B,lora,Run09,predictions/table1/AI2ARC/Freeform/Qwen3-1.7B/lora/Run09/predictions.jsonl.gz,1557,89.338,git,0551a917ba018b419611ab98fd971ab0
AI2ARC,Freeform,Qwen3-1.7B,lora,Run10,predictions/table1/AI2ARC/Freeform/Qwen3-1.7B/lora/Run10/predictions.jsonl.gz,1557,88.825,git,c84a0c56c44cdaf7cf069aeec7daacb9
AI2ARC,DCoT,Qwen3-1.7B,lora,Run01,predictions/table1/AI2ARC/DCoT/Qwen3-1.7B/lora/Run01/predictions.jsonl.gz,1557,79.769,git,b22b3567cec0d76fc7b7e12de326742b
AI2ARC,DCoT,Qwen3-1.7B,lora,Run02,predictions/table1/AI2ARC/DCoT/Qwen3-1.7B/lora/Run02/predictions.jsonl.gz,1557,87.412,git,09bd46b3079ea66a36e22821ff4b10b4
AI2ARC,DCoT,Qwen3-1.7B,lora,Run03,predictions/table1/AI2ARC/DCoT/Qwen3-1.7B/lora/Run03/predictions.jsonl.gz,1557,87.283,git,56e3e9d77863a0ac460189081e057bc0
AI2ARC,DCoT,Qwen3-1.7B,lora,Run04,predictions/table1/AI2ARC/DCoT/Qwen3-1.7B/lora/Run04/predictions.jsonl.gz,1557,81.053,git,7c64151b92cd346d1d497389bdf88952
AI2ARC,DCoT,Qwen3-1.7B,lora,Run05,predictions/table1/AI2ARC/DCoT/Qwen3-1.7B/lora/Run05/predictions.jsonl.gz,1557,86.705,git,5adc62d1aa0f6292a213a3129c3a35ce
AI2ARC,DCoT,Qwen3-1.7B,lora,Run06,predictions/table1/AI2ARC/DCoT/Qwen3-1.7B/lora/Run06/predictions.jsonl.gz,1557,85.806,git,582af8c26c2765081c77b276a832347d
AI2ARC,DCoT,Qwen3-1.7B,lora,Run07,predictions/table1/AI2ARC/DCoT/Qwen3-1.7B/lora/Run07/predictions.jsonl.gz,1557,87.283,git,0ca0c55fa3bcb62a54cb560b00b80023
AI2ARC,DCoT,Qwen3-1.7B,lora,Run08,predictions/table1/AI2ARC/DCoT/Qwen3-1.7B/lora/Run08/predictions.jsonl.gz,1557,86.384,git,058c101a4839b163f7c2ab915305e04e
AI2ARC,DCoT,Qwen3-1.7B,lora,Run09,predictions/table1/AI2ARC/DCoT/Qwen3-1.7B/lora/Run09/predictions.jsonl.gz,1557,88.118,git,e1ecd61c6ed1fbc28ff6f7eaa11cc6e0
AI2ARC,DCoT,Qwen3-1.7B,lora,Run10,predictions/table1/AI2ARC/DCoT/Qwen3-1.7B/lora/Run10/predictions.jsonl.gz,1557,87.604,git,12e2fb7fa87b5102dc9b7932be3856f7
AI2ARC,SGFT,Qwen3-1.7B,lora,Run01,predictions/table1/AI2ARC/SGFT/Qwen3-1.7B/lora/Run01/predictions.jsonl.gz,1557,76.044,git,b57e7a782c5d18bb049a427db9845448
AI2ARC,SGFT,Qwen3-1.7B,lora,Run02,predictions/table1/AI2ARC/SGFT/Qwen3-1.7B/lora/Run02/predictions.jsonl.gz,1557,76.044,git,b57e7a782c5d18bb049a427db9845448
AI2ARC,SGFT,Qwen3-1.7B,lora,Run03,predictions/table1/AI2ARC/SGFT/Qwen3-1.7B/lora/Run03/predictions.jsonl.gz,1557,76.044,git,b57e7a782c5d18bb049a427db9845448
AI2ARC,SGFT,Qwen3-1.7B,lora,Run04,predictions/table1/AI2ARC/SGFT/Qwen3-1.7B/lora/Run04/predictions.jsonl.gz,1557,75.466,git,d1d18e49436b004f4fde2f558174a57b
AI2ARC,SGFT,Qwen3-1.7B,lora,Run05,predictions/table1/AI2ARC/SGFT/Qwen3-1.7B/lora/Run05/predictions.jsonl.gz,1557,76.044,git,b57e7a782c5d18bb049a427db9845448
AI2ARC,SGFT,Qwen3-1.7B,lora,Run06,predictions/table1/AI2ARC/SGFT/Qwen3-1.7B/lora/Run06/predictions.jsonl.gz,1557,76.044,git,b57e7a782c5d18bb049a427db9845448
AI2ARC,SGFT,Qwen3-1.7B,lora,Run07,predictions/table1/AI2ARC/SGFT/Qwen3-1.7B/lora/Run07/predictions.jsonl.gz,1557,76.044,git,b57e7a782c5d18bb049a427db9845448
AI2ARC,SGFT,Qwen3-1.7B,lora,Run08,predictions/table1/AI2ARC/SGFT/Qwen3-1.7B/lora/Run08/predictions.jsonl.gz,1557,76.044,git,b57e7a782c5d18bb049a427db9845448
AI2ARC,SGFT,Qwen3-1.7B,lora,Run09,predictions/table1/AI2ARC/SGFT/Qwen3-1.7B/lora/Run09/predictions.jsonl.gz,1557,76.044,git,b57e7a782c5d18bb049a427db9845448
AI2ARC,SGFT,Qwen3-1.7B,lora,Run10,predictions/table1/AI2ARC/SGFT/Qwen3-1.7B/lora/Run10/predictions.jsonl.gz,1557,76.044,git,b57e7a782c5d18bb049a427db9845448
AI2ARC,RPB,Qwen3-1.7B,lora,Run01,predictions/table1/AI2ARC/RPB/Qwen3-1.7B/lora/Run01/predictions.jsonl.gz,1557,89.981,git,b44ba43ddb7af7a16981674e2aa4ca14
AI2ARC,RPB,Qwen3-1.7B,lora,Run02,predictions/table1/AI2ARC/RPB/Qwen3-1.7B/lora/Run02/predictions.jsonl.gz,1557,88.76,git,a1758d9267bdae5831080ff19a2b05b2
AI2ARC,RPB,Qwen3-1.7B,lora,Run03,predictions/table1/AI2ARC/RPB/Qwen3-1.7B/lora/Run03/predictions.jsonl.gz,1557,88.825,git,ac0847b13436eb573ea6437b8ec6fa88
AI2ARC,RPB,Qwen3-1.7B,lora,Run04,predictions/table1/AI2ARC/RPB/Qwen3-1.7B/lora/Run04/predictions.jsonl.gz,1557,88.76,git,ac959e0f6d91e55faeb07104e7a43b57
AI2ARC,RPB,Qwen3-1.7B,lora,Run05,predictions/table1/AI2ARC/RPB/Qwen3-1.7B/lora/Run05/predictions.jsonl.gz,1557,88.311,git,35683d81011d4e36d7d54e0702a4e843
AI2ARC,RPB,Qwen3-1.7B,lora,Run06,predictions/table1/AI2ARC/RPB/Qwen3-1.7B/lora/Run06/predictions.jsonl.gz,1557,89.146,git,6e577a0aef1a06402a03c68199526e69
AI2ARC,RPB,Qwen3-1.7B,lora,Run07,predictions/table1/AI2ARC/RPB/Qwen3-1.7B/lora/Run07/predictions.jsonl.gz,1557,88.504,git,7badce021ac8b68e0141e5073c4ddaa7
AI2ARC,RPB,Qwen3-1.7B,lora,Run08,predictions/table1/AI2ARC/RPB/Qwen3-1.7B/lora/Run08/predictions.jsonl.gz,1557,88.439,git,dff9d4e3dbffd1adbf03becaaa584bc0
AI2ARC,RPB,Qwen3-1.7B,lora,Run09,predictions/table1/AI2ARC/RPB/Qwen3-1.7B/lora/Run09/predictions.jsonl.gz,1557,89.338,git,a7781ce07395501ced0b80c1fafb7dc9
AI2ARC,RPB,Qwen3-1.7B,lora,Run10,predictions/table1/AI2ARC/RPB/Qwen3-1.7B/lora/Run10/predictions.jsonl.gz,1557,88.182,git,adf72bb9dcad645b46dde78bb2c53276
MATH,CoT,Qwen3-1.7B,lora,Run01,predictions/table1/MATH/CoT/Qwen3-1.7B/lora/Run01/predictions.jsonl.gz,5000,49.14,git,57541d9f2c157bba1e356e4d1e1cf27f
MATH,CoT,Qwen3-1.7B,lora,Run02,predictions/table1/MATH/CoT/Qwen3-1.7B/lora/Run02/predictions.jsonl.gz,5000,49.7,git,66e1c2c4e8dce67cde45e3561eb75697
MATH,CoT,Qwen3-1.7B,lora,Run03,predictions/table1/MATH/CoT/Qwen3-1.7B/lora/Run03/predictions.jsonl.gz,5000,49.6,git,c04e3bfc89b66edd3123f8e0d0593a00
MATH,CoT,Qwen3-1.7B,lora,Run04,predictions/table1/MATH/CoT/Qwen3-1.7B/lora/Run04/predictions.jsonl.gz,5000,49.52,git,d66719b054215d2b5771ecc9a799a7bb
MATH,CoT,Qwen3-1.7B,lora,Run05,predictions/table1/MATH/CoT/Qwen3-1.7B/lora/Run05/predictions.jsonl.gz,5000,49.44,git,e8ab9975150bc7f98a9b26080696e13d
MATH,CoT,Qwen3-1.7B,lora,Run06,predictions/table1/MATH/CoT/Qwen3-1.7B/lora/Run06/predictions.jsonl.gz,5000,48.76,git,bf24e216487cc77f4d9173b0a6632b0f
MATH,CoT,Qwen3-1.7B,lora,Run07,predictions/table1/MATH/CoT/Qwen3-1.7B/lora/Run07/predictions.jsonl.gz,5000,48.48,git,4245a110c6698b10f745c9719ba167de
MATH,CoT,Qwen3-1.7B,lora,Run08,predictions/table1/MATH/CoT/Qwen3-1.7B/lora/Run08/predictions.jsonl.gz,5000,49.42,git,0c7d78cef66e3f74f9ff5148d596b26e
MATH,CoT,Qwen3-1.7B,lora,Run09,predictions/table1/MATH/CoT/Qwen3-1.7B/lora/Run09/predictions.jsonl.gz,5000,48.86,git,bff36637e414b07ff28dc35e52ee7081
MATH,CoT,Qwen3-1.7B,lora,Run10,predictions/table1/MATH/CoT/Qwen3-1.7B/lora/Run10/predictions.jsonl.gz,5000,49.18,git,4ce45805b1f41bde2d323ce59658fb35
MATH,Freeform,Qwen3-1.7B,lora,Run01,predictions/table1/MATH/Freeform/Qwen3-1.7B/lora/Run01/predictions.jsonl.gz,5000,48.4,git,e1be712926a87e38082557a65215e04a
MATH,Freeform,Qwen3-1.7B,lora,Run02,predictions/table1/MATH/Freeform/Qwen3-1.7B/lora/Run02/predictions.jsonl.gz,5000,48.0,git,76b58fddf6b177c6dd73ee21a31f88eb
MATH,Freeform,Qwen3-1.7B,lora,Run03,predictions/table1/MATH/Freeform/Qwen3-1.7B/lora/Run03/predictions.jsonl.gz,5000,48.1,git,b71016f7eafd19497e385482c821b910
MATH,Freeform,Qwen3-1.7B,lora,Run04,predictions/table1/MATH/Freeform/Qwen3-1.7B/lora/Run04/predictions.jsonl.gz,5000,47.76,git,4b6aff1f8b1402ad06e421541a4ea7c6
MATH,Freeform,Qwen3-1.7B,lora,Run05,predictions/table1/MATH/Freeform/Qwen3-1.7B/lora/Run05/predictions.jsonl.gz,5000,48.02,git,51d85e99f100fcc5edb4e12cd894d8a8
MATH,Freeform,Qwen3-1.7B,lora,Run06,predictions/table1/MATH/Freeform/Qwen3-1.7B/lora/Run06/predictions.jsonl.gz,5000,47.96,git,66fe5607065cb2e075aeb08dd769bfcb
MATH,Freeform,Qwen3-1.7B,lora,Run07,predictions/table1/MATH/Freeform/Qwen3-1.7B/lora/Run07/predictions.jsonl.gz,5000,48.62,git,886a795a070b26023266a602ddfeef9b
MATH,Freeform,Qwen3-1.7B,lora,Run08,predictions/table1/MATH/Freeform/Qwen3-1.7B/lora/Run08/predictions.jsonl.gz,5000,48.2,git,fc21721b826b638eb1a8fdc9d7a97f54
MATH,Freeform,Qwen3-1.7B,lora,Run09,predictions/table1/MATH/Freeform/Qwen3-1.7B/lora/Run09/predictions.jsonl.gz,5000,47.94,git,339adc9ccdea955b0d0262c9d5bd334a
MATH,Freeform,Qwen3-1.7B,lora,Run10,predictions/table1/MATH/Freeform/Qwen3-1.7B/lora/Run10/predictions.jsonl.gz,5000,47.86,git,652d3c1dc87440b3b69db6d439a94213
MATH,SuperCorrect,Qwen3-1.7B,lora,Run01,predictions/table1/MATH/SuperCorrect/Qwen3-1.7B/lora/Run01/predictions.jsonl.gz,5000,43.1,git,4ba49dcd6111310ce8ce78a5ae3be56f
MATH,SuperCorrect,Qwen3-1.7B,lora,Run02,predictions/table1/MATH/SuperCorrect/Qwen3-1.7B/lora/Run02/predictions.jsonl.gz,5000,42.62,git,7f8b14f03eabf0053fed1ae4e764f85e
MATH,SuperCorrect,Qwen3-1.7B,lora,Run03,predictions/table1/MATH/SuperCorrect/Qwen3-1.7B/lora/Run03/predictions.jsonl.gz,5000,42.68,git,023c54b1b331e4700e1c830abaf05aa3
MATH,SuperCorrect,Qwen3-1.7B,lora,Run04,predictions/table1/MATH/SuperCorrect/Qwen3-1.7B/lora/Run04/predictions.jsonl.gz,5000,42.9,git,0bf9a098d2cb866931888a128f4195f6
MATH,SuperCorrect,Qwen3-1.7B,lora,Run05,predictions/table1/MATH/SuperCorrect/Qwen3-1.7B/lora/Run05/predictions.jsonl.gz,5000,43.06,git,26842e66299f612af856fcbe10fa57e9
MATH,SuperCorrect,Qwen3-1.7B,lora,Run06,predictions/table1/MATH/SuperCorrect/Qwen3-1.7B/lora/Run06/predictions.jsonl.gz,5000,43.24,git,0631b1b16d49e8c7950ceab185471292
MATH,SuperCorrect,Qwen3-1.7B,lora,Run07,predictions/table1/MATH/SuperCorrect/Qwen3-1.7B/lora/Run07/predictions.jsonl.gz,5000,43.12,git,9b06a0921ce3aac94a50c7668c300ad1
MATH,SuperCorrect,Qwen3-1.7B,lora,Run08,predictions/table1/MATH/SuperCorrect/Qwen3-1.7B/lora/Run08/predictions.jsonl.gz,5000,42.04,git,3d1b7313a865a52db7651e64d4bd2457
MATH,SuperCorrect,Qwen3-1.7B,lora,Run09,predictions/table1/MATH/SuperCorrect/Qwen3-1.7B/lora/Run09/predictions.jsonl.gz,5000,42.9,git,2a10373dfa84191bd478b3c7251cecc0
MATH,SuperCorrect,Qwen3-1.7B,lora,Run10,predictions/table1/MATH/SuperCorrect/Qwen3-1.7B/lora/Run10/predictions.jsonl.gz,5000,42.56,git,5e52e735ec6a593e1fff767a87b04241
MATH,DCoT,Qwen3-1.7B,lora,Run01,predictions/table1/MATH/DCoT/Qwen3-1.7B/lora/Run01/predictions.jsonl.gz,5000,54.92,git,2005c7f8c2001c996f5e03f473e6c2dd
MATH,DCoT,Qwen3-1.7B,lora,Run02,predictions/table1/MATH/DCoT/Qwen3-1.7B/lora/Run02/predictions.jsonl.gz,5000,54.62,git,9461b4ac56d2a4240de073ea79719931
MATH,DCoT,Qwen3-1.7B,lora,Run03,predictions/table1/MATH/DCoT/Qwen3-1.7B/lora/Run03/predictions.jsonl.gz,5000,54.88,git,71d0c8098f2dbeb89ca84187084f7654
MATH,DCoT,Qwen3-1.7B,lora,Run04,predictions/table1/MATH/DCoT/Qwen3-1.7B/lora/Run04/predictions.jsonl.gz,5000,55.74,git,864d5f2823412020266ff5975427ef8b
MATH,DCoT,Qwen3-1.7B,lora,Run05,predictions/table1/MATH/DCoT/Qwen3-1.7B/lora/Run05/predictions.jsonl.gz,5000,54.82,git,f3809c18198cc876087a0530fd448c4c
MATH,DCoT,Qwen3-1.7B,lora,Run06,predictions/table1/MATH/DCoT/Qwen3-1.7B/lora/Run06/predictions.jsonl.gz,5000,54.44,git,924a26032d09ec44ac1a9dcb05bde585
MATH,DCoT,Qwen3-1.7B,lora,Run07,predictions/table1/MATH/DCoT/Qwen3-1.7B/lora/Run07/predictions.jsonl.gz,5000,54.76,git,9ca53e29b535e29ada82d6497b8fdafa
MATH,DCoT,Qwen3-1.7B,lora,Run08,predictions/table1/MATH/DCoT/Qwen3-1.7B/lora/Run08/predictions.jsonl.gz,5000,55.02,git,eaf3e1237420954e41d17557b70234cf
MATH,DCoT,Qwen3-1.7B,lora,Run09,predictions/table1/MATH/DCoT/Qwen3-1.7B/lora/Run09/predictions.jsonl.gz,5000,54.88,git,735a2bf55f7cc449ca1465dd1c118e30
MATH,DCoT,Qwen3-1.7B,lora,Run10,predictions/table1/MATH/DCoT/Qwen3-1.7B/lora/Run10/predictions.jsonl.gz,5000,54.98,git,3f72be59098315af229fa36dab7305b7
MATH,SGFT,Qwen3-1.7B,lora,Run01,predictions/table1/MATH/SGFT/Qwen3-1.7B/lora/Run01/predictions.jsonl.gz,5000,29.56,git,909709e3d0169d476e91d1bcb4150482
MATH,SGFT,Qwen3-1.7B,lora,Run02,predictions/table1/MATH/SGFT/Qwen3-1.7B/lora/Run02/predictions.jsonl.gz,5000,29.02,git,9e5ede6dbf082e2847f95d179eb2a659
MATH,SGFT,Qwen3-1.7B,lora,Run03,predictions/table1/MATH/SGFT/Qwen3-1.7B/lora/Run03/predictions.jsonl.gz,5000,29.86,git,9cfb606d7d2bb1c4e9aa35e939013d62
MATH,SGFT,Qwen3-1.7B,lora,Run04,predictions/table1/MATH/SGFT/Qwen3-1.7B/lora/Run04/predictions.jsonl.gz,5000,29.58,git,fb7a21151ea3d2e159cfcfa1233e503d
MATH,SGFT,Qwen3-1.7B,lora,Run05,predictions/table1/MATH/SGFT/Qwen3-1.7B/lora/Run05/predictions.jsonl.gz,5000,29.24,git,ffe9050c2519b36b9f7b78f167559531
MATH,SGFT,Qwen3-1.7B,lora,Run06,predictions/table1/MATH/SGFT/Qwen3-1.7B/lora/Run06/predictions.jsonl.gz,5000,29.54,git,89d9d14a95b7a04ce6575027a14fe6ef
MATH,SGFT,Qwen3-1.7B,lora,Run07,predictions/table1/MATH/SGFT/Qwen3-1.7B/lora/Run07/predictions.jsonl.gz,5000,29.66,git,b1dad9c48637fa023d3e5a05d195c460
MATH,SGFT,Qwen3-1.7B,lora,Run08,predictions/table1/MATH/SGFT/Qwen3-1.7B/lora/Run08/predictions.jsonl.gz,5000,29.06,git,24dacc139dbe4ebffb9e40132cc8cb5f
MATH,SGFT,Qwen3-1.7B,lora,Run09,predictions/table1/MATH/SGFT/Qwen3-1.7B/lora/Run09/predictions.jsonl.gz,5000,29.7,git,0d2f7ca1de4856e455c930762ab9dc59
MATH,SGFT,Qwen3-1.7B,lora,Run10,predictions/table1/MATH/SGFT/Qwen3-1.7B/lora/Run10/predictions.jsonl.gz,5000,29.22,git,92a7a8e959b10f9ec180512c88921fe1
MATH,RPB,Qwen3-1.7B,lora,Run01,predictions/table1/MATH/RPB/Qwen3-1.7B/lora/Run01/predictions.jsonl.gz,5000,60.1,git,e733641153b963764f3516d9988d8dbd
MATH,RPB,Qwen3-1.7B,lora,Run02,predictions/table1/MATH/RPB/Qwen3-1.7B/lora/Run02/predictions.jsonl.gz,5000,59.76,git,a00a3756bd6df2f5ae57bbb017e7c436
MATH,RPB,Qwen3-1.7B,lora,Run03,predictions/table1/MATH/RPB/Qwen3-1.7B/lora/Run03/predictions.jsonl.gz,5000,59.9,git,b8246fdeb08a9a7cb8008927a5b8d05b
MATH,RPB,Qwen3-1.7B,lora,Run04,predictions/table1/MATH/RPB/Qwen3-1.7B/lora/Run04/predictions.jsonl.gz,5000,59.24,git,5011e4b3dd3ed6c4be41086151167291
MATH,RPB,Qwen3-1.7B,lora,Run05,predictions/table1/MATH/RPB/Qwen3-1.7B/lora/Run05/predictions.jsonl.gz,5000,59.06,git,32823941c11f17a52c49146362e89e09
MATH,RPB,Qwen3-1.7B,lora,Run06,predictions/table1/MATH/RPB/Qwen3-1.7B/lora/Run06/predictions.jsonl.gz,5000,59.72,git,9083e81182d0e04b5d49c39274235cc7
MATH,RPB,Qwen3-1.7B,lora,Run07,predictions/table1/MATH/RPB/Qwen3-1.7B/lora/Run07/predictions.jsonl.gz,5000,60.28,git,c4291d74b9c42994b2c7e442621f4ff1
MATH,RPB,Qwen3-1.7B,lora,Run08,predictions/table1/MATH/RPB/Qwen3-1.7B/lora/Run08/predictions.jsonl.gz,5000,59.34,git,09c1f4884a0adcacb902e5bcbb7be747
MATH,RPB,Qwen3-1.7B,lora,Run09,predictions/table1/MATH/RPB/Qwen3-1.7B/lora/Run09/predictions.jsonl.gz,5000,59.8,git,98d6ec8848b3d85462e7b74e9e97d9c1
MATH,RPB,Qwen3-1.7B,lora,Run10,predictions/table1/MATH/RPB/Qwen3-1.7B/lora/Run10/predictions.jsonl.gz,5000,60.0,git,c6cb328b55625e7753214ab0c4886fcc
AI2ARC,CoT,Llama-3.1-8B-Instruct,direct_prompt,Run01,predictions/table1/AI2ARC/CoT/Llama-3.1-8B-Instruct/direct_prompt/predictions.jsonl.gz,1557,90.559,git,9a6258fc101293972acc947e86c93edd
AI2ARC,CoT,Qwen3-1.7B,direct_prompt,Run01,predictions/table1/AI2ARC/CoT/Qwen3-1.7B/direct_prompt/predictions.jsonl.gz,1557,87.861,git,f3a86934bd9254d458eb26e6f0054392
AI2ARC,DCoT,Llama-3.1-8B-Instruct,direct_prompt,Run01,predictions/table1/AI2ARC/DCoT/Llama-3.1-8B-Instruct/direct_prompt/predictions.jsonl.gz,1557,16.185,git,e812911b01ceb4262764d55cdb7ee98d
AI2ARC,DCoT,Qwen3-1.7B,direct_prompt,Run01,predictions/table1/AI2ARC/DCoT/Qwen3-1.7B/direct_prompt/predictions.jsonl.gz,1557,17.598,git,5f1d46be481da77f90c63c6b77b0737b
AI2ARC,Freeform,Llama-3.1-8B-Instruct,direct_prompt,Run01,predictions/table1/AI2ARC/Freeform/Llama-3.1-8B-Instruct/direct_prompt/predictions.jsonl.gz,1557,90.559,git,541916923d29d58a0df4b6222fe94946
AI2ARC,Freeform,Qwen3-1.7B,direct_prompt,Run01,predictions/table1/AI2ARC/Freeform/Qwen3-1.7B/direct_prompt/predictions.jsonl.gz,1557,83.494,git,3c960dd639548dae2f59500dde7fa882
AI2ARC,RPB,Llama-3.1-8B-Instruct,direct_prompt,Run01,predictions/table1/AI2ARC/RPB/Llama-3.1-8B-Instruct/direct_prompt/predictions.jsonl.gz,1557,89.66,git,6e1d62982ecfeeec3f087e8e82ee67d0
AI2ARC,RPB,Qwen3-1.7B,direct_prompt,Run01,predictions/table1/AI2ARC/RPB/Qwen3-1.7B/direct_prompt/predictions.jsonl.gz,1557,61.85,git,812059ee1f59423143c69e139997e72a
AQUA,CoT,Llama-3.1-8B-Instruct,direct_prompt,Run01,predictions/table1/AQUA/CoT/Llama-3.1-8B-Instruct/direct_prompt/predictions.jsonl.gz,254,48.031,git,8bafcd32572d2c2ec6b0c70132517a69
AQUA,CoT,Qwen3-1.7B,direct_prompt,Run01,predictions/table1/AQUA/CoT/Qwen3-1.7B/direct_prompt/predictions.jsonl.gz,254,54.724,git,a65d7c3ae93e27522a995798ab39f29c
AQUA,DCoT,Llama-3.1-8B-Instruct,direct_prompt,Run01,predictions/table1/AQUA/DCoT/Llama-3.1-8B-Instruct/direct_prompt/predictions.jsonl.gz,254,9.449,git,663ddfddfba974a7585daca63032a60d
AQUA,DCoT,Qwen3-1.7B,direct_prompt,Run01,predictions/table1/AQUA/DCoT/Qwen3-1.7B/direct_prompt/predictions.jsonl.gz,254,35.433,git,654257d22ecdd21f787c96fb962e06f0
AQUA,Freeform,Llama-3.1-8B-Instruct,direct_prompt,Run01,predictions/table1/AQUA/Freeform/Llama-3.1-8B-Instruct/direct_prompt/predictions.jsonl.gz,254,54.724,git,4268b91b30a42320b9ed4fbbf6730242
AQUA,Freeform,Qwen3-1.7B,direct_prompt,Run01,predictions/table1/AQUA/Freeform/Qwen3-1.7B/direct_prompt/predictions.jsonl.gz,254,56.693,git,890ba64a97659e840d86d8062ac59c85
AQUA,RPB,Llama-3.1-8B-Instruct,direct_prompt,Run01,predictions/table1/AQUA/RPB/Llama-3.1-8B-Instruct/direct_prompt/predictions.jsonl.gz,254,50.0,git,862ebde3c5f4aaa5d0255792b24ca947
AQUA,RPB,Qwen3-1.7B,direct_prompt,Run01,predictions/table1/AQUA/RPB/Qwen3-1.7B/direct_prompt/predictions.jsonl.gz,254,56.693,git,63b2bc13a9bd615da480826ab1435d80
AQUA,SGFT,Llama-3.1-8B-Instruct,direct_prompt,Run01,predictions/table1/AQUA/SGFT/Llama-3.1-8B-Instruct/direct_prompt/predictions.jsonl.gz,254,30.315,git,e81600b87ffdf5eb9c0bd81fc497e575
AQUA,SGFT,Qwen3-1.7B,direct_prompt,Run01,predictions/table1/AQUA/SGFT/Qwen3-1.7B/direct_prompt/predictions.jsonl.gz,254,48.819,git,e81bc6a0e23fe4f87d99288f58ef0dae
AQUA,SuperCorrect,Llama-3.1-8B-Instruct,direct_prompt,Run01,predictions/table1/AQUA/SuperCorrect/Llama-3.1-8B-Instruct/direct_prompt/predictions.jsonl.gz,254,51.575,git,f5253c418797f15f28e3d66c1753019b
AQUA,SuperCorrect,Qwen3-1.7B,direct_prompt,Run01,predictions/table1/AQUA/SuperCorrect/Qwen3-1.7B/direct_prompt/predictions.jsonl.gz,254,49.213,git,a824c4087ac0f2cbb2ce5ddf61fe671c
GSM8K,CoT,Llama-3.1-8B-Instruct,direct_prompt,Run01,predictions/table1/GSM8K/CoT/Llama-3.1-8B-Instruct/direct_prompt/predictions.jsonl.gz,1319,70.053,git,ea2344b35d755638dbb6be156b68dcba
GSM8K,CoT,Qwen3-1.7B,direct_prompt,Run01,predictions/table1/GSM8K/CoT/Qwen3-1.7B/direct_prompt/predictions.jsonl.gz,1319,75.891,git,6f2c3b97c56b61179bebba7096c0179a
GSM8K,DCoT,Llama-3.1-8B-Instruct,direct_prompt,Run01,predictions/table1/GSM8K/DCoT/Llama-3.1-8B-Instruct/direct_prompt/predictions.jsonl.gz,1319,2.654,git,47346f439ce6e924a094e605a7b93d2d
GSM8K,DCoT,Qwen3-1.7B,direct_prompt,Run01,predictions/table1/GSM8K/DCoT/Qwen3-1.7B/direct_prompt/predictions.jsonl.gz,1319,6.444,git,da33063bb1f67fa43976d39d8663477b
GSM8K,Freeform,Llama-3.1-8B-Instruct,direct_prompt,Run01,predictions/table1/GSM8K/Freeform/Llama-3.1-8B-Instruct/direct_prompt/predictions.jsonl.gz,1319,64.67,git,bf054c040bca3631afa4ff5e9e4361f3
GSM8K,Freeform,Qwen3-1.7B,direct_prompt,Run01,predictions/table1/GSM8K/Freeform/Qwen3-1.7B/direct_prompt/predictions.jsonl.gz,1319,71.569,git,53437d45c1f722e49b3eae9b0de75923
GSM8K,RPB,Llama-3.1-8B-Instruct,direct_prompt,Run01,predictions/table1/GSM8K/RPB/Llama-3.1-8B-Instruct/direct_prompt/predictions.jsonl.gz,1319,43.139,git,c57d015265d9fd62fd6031d45bf585f3
GSM8K,RPB,Qwen3-1.7B,direct_prompt,Run01,predictions/table1/GSM8K/RPB/Qwen3-1.7B/direct_prompt/predictions.jsonl.gz,1319,44.655,git,cd838cc2e3945fd28349324f4e930d9b
GSM8K,SGFT,Llama-3.1-8B-Instruct,direct_prompt,Run01,predictions/table1/GSM8K/SGFT/Llama-3.1-8B-Instruct/direct_prompt/predictions.jsonl.gz,1319,6.823,git,00fac611d505cd6737cf79caa56b9bb0
GSM8K,SGFT,Qwen3-1.7B,direct_prompt,Run01,predictions/table1/GSM8K/SGFT/Qwen3-1.7B/direct_prompt/predictions.jsonl.gz,1319,52.161,git,5598be401d7e9806d95c38a6d59f5bf9
GSM8K,SuperCorrect,Llama-3.1-8B-Instruct,direct_prompt,Run01,predictions/table1/GSM8K/SuperCorrect/Llama-3.1-8B-Instruct/direct_prompt/predictions.jsonl.gz,1319,73.01,git,eed065d9baa82601a6e0124dc53db596
GSM8K,SuperCorrect,Qwen3-1.7B,direct_prompt,Run01,predictions/table1/GSM8K/SuperCorrect/Qwen3-1.7B/direct_prompt/predictions.jsonl.gz,1319,24.488,git,fe982a02ba8d89cd8fc4ff4abd24c5a2
MATH,CoT,Llama-3.1-8B-Instruct,direct_prompt,Run01,predictions/table1/MATH/CoT/Llama-3.1-8B-Instruct/direct_prompt/predictions.jsonl.gz,5000,36.88,git,ab528d090633b1ed79704fd9d6d3bf0e
MATH,CoT,Qwen3-1.7B,direct_prompt,Run01,predictions/table1/MATH/CoT/Qwen3-1.7B/direct_prompt/predictions.jsonl.gz,5000,50.3,git,22cece9b44cbcca1bd51fcfaa4606fe9
MATH,DCoT,Llama-3.1-8B-Instruct,direct_prompt,Run01,predictions/table1/MATH/DCoT/Llama-3.1-8B-Instruct/direct_prompt/predictions.jsonl.gz,5000,6.2,git,c9348f62d475c3cbac37f27548350674
MATH,DCoT,Qwen3-1.7B,direct_prompt,Run01,predictions/table1/MATH/DCoT/Qwen3-1.7B/direct_prompt/predictions.jsonl.gz,5000,6.68,git,c65a0d22de5dc0475e4602bf66037609
MATH,Freeform,Llama-3.1-8B-Instruct,direct_prompt,Run01,predictions/table1/MATH/Freeform/Llama-3.1-8B-Instruct/direct_prompt/predictions.jsonl.gz,5000,28.48,git,8a47b13481076f9980af493162e24521
MATH,Freeform,Qwen3-1.7B,direct_prompt,Run01,predictions/table1/MATH/Freeform/Qwen3-1.7B/direct_prompt/predictions.jsonl.gz,5000,29.26,git,f38967e717337f0882cbc502dae13dad
MATH,RPB,Llama-3.1-8B-Instruct,direct_prompt,Run01,predictions/table1/MATH/RPB/Llama-3.1-8B-Instruct/direct_prompt/predictions.jsonl.gz,5000,26.86,git,d470ade4752b4591936bcb8d9ec17a73
MATH,RPB,Qwen3-1.7B,direct_prompt,Run01,predictions/table1/MATH/RPB/Qwen3-1.7B/direct_prompt/predictions.jsonl.gz,5000,20.08,git,24018dbcb36ef2ebee2ba9053c4a8295
MATH,SGFT,Llama-3.1-8B-Instruct,direct_prompt,Run01,predictions/table1/MATH/SGFT/Llama-3.1-8B-Instruct/direct_prompt/predictions.jsonl.gz,5000,13.18,git,52bd1a75a641f5b8c0ccca600ddd04e8
MATH,SGFT,Qwen3-1.7B,direct_prompt,Run01,predictions/table1/MATH/SGFT/Qwen3-1.7B/direct_prompt/predictions.jsonl.gz,5000,18.28,git,f862169454548ad1ca5cfbcfb64f4d42
MATH,SuperCorrect,Llama-3.1-8B-Instruct,direct_prompt,Run01,predictions/table1/MATH/SuperCorrect/Llama-3.1-8B-Instruct/direct_prompt/predictions.jsonl.gz,5000,34.0,git,c5aff549851253797e4a39310cb6b2f5
MATH,SuperCorrect,Qwen3-1.7B,direct_prompt,Run01,predictions/table1/MATH/SuperCorrect/Qwen3-1.7B/direct_prompt/predictions.jsonl.gz,5000,15.16,git,25d30cfe8011651a46a9e15510389e5a
StrategyQA,CoT,Llama-3.1-8B-Instruct,direct_prompt,Run01,predictions/table1/StrategyQA/CoT/Llama-3.1-8B-Instruct/direct_prompt/predictions.jsonl.gz,229,70.742,git,5fab324396460c254a514a58444800ab
StrategyQA,CoT,Qwen3-1.7B,direct_prompt,Run01,predictions/table1/StrategyQA/CoT/Qwen3-1.7B/direct_prompt/predictions.jsonl.gz,229,48.472,git,3b47ba33d36c70a21686d6a98958d907
StrategyQA,DCoT,Llama-3.1-8B-Instruct,direct_prompt,Run01,predictions/table1/StrategyQA/DCoT/Llama-3.1-8B-Instruct/direct_prompt/predictions.jsonl.gz,229,57.205,git,0341bc0ebd5257d449a9b144670dffc3
StrategyQA,DCoT,Qwen3-1.7B,direct_prompt,Run01,predictions/table1/StrategyQA/DCoT/Qwen3-1.7B/direct_prompt/predictions.jsonl.gz,229,18.341,git,a77d9035730f6ab396a22ecc2355f6ec
StrategyQA,Freeform,Llama-3.1-8B-Instruct,direct_prompt,Run01,predictions/table1/StrategyQA/Freeform/Llama-3.1-8B-Instruct/direct_prompt/predictions.jsonl.gz,229,68.996,git,81206e125dd9b4b6fae594ff22cb7f47
StrategyQA,Freeform,Qwen3-1.7B,direct_prompt,Run01,predictions/table1/StrategyQA/Freeform/Qwen3-1.7B/direct_prompt/predictions.jsonl.gz,229,33.624,git,1510c3ad94cbb92740ad0eb747bdb6b9
StrategyQA,RPB,Llama-3.1-8B-Instruct,direct_prompt,Run01,predictions/table1/StrategyQA/RPB/Llama-3.1-8B-Instruct/direct_prompt/predictions.jsonl.gz,229,72.489,git,f3ea0b8fe31dab41c3b623ce0b098ae7
StrategyQA,RPB,Qwen3-1.7B,direct_prompt,Run01,predictions/table1/StrategyQA/RPB/Qwen3-1.7B/direct_prompt/predictions.jsonl.gz,229,24.454,git,6146ebe5ee735df73eb32fee0cfb1cb8
StrategyQA,SGFT,Llama-3.1-8B-Instruct,direct_prompt,Run01,predictions/table1/StrategyQA/SGFT/Llama-3.1-8B-Instruct/direct_prompt/predictions.jsonl.gz,229,64.629,git,661cfda5037d4fb1b959d9c08f65e038
StrategyQA,SGFT,Qwen3-1.7B,direct_prompt,Run01,predictions/table1/StrategyQA/SGFT/Qwen3-1.7B/direct_prompt/predictions.jsonl.gz,229,39.738,git,9d84814c988194330ad1a2e9976e87dc
StrategyQA,SGFT,Llama-3.1-8B-Instruct,lora,Run01,predictions/table1/StrategyQA/SGFT/Llama-3.1-8B-Instruct/lora/Run01/predictions.jsonl.gz,229,70.306,git,5c893148f0b51e6733a98342ab46c327
StrategyQA,SGFT,Llama-3.1-8B-Instruct,lora,Run02,predictions/table1/StrategyQA/SGFT/Llama-3.1-8B-Instruct/lora/Run02/predictions.jsonl.gz,229,70.306,git,5c893148f0b51e6733a98342ab46c327
StrategyQA,SGFT,Llama-3.1-8B-Instruct,lora,Run03,predictions/table1/StrategyQA/SGFT/Llama-3.1-8B-Instruct/lora/Run03/predictions.jsonl.gz,229,70.306,git,5c893148f0b51e6733a98342ab46c327
StrategyQA,SGFT,Llama-3.1-8B-Instruct,lora,Run04,predictions/table1/StrategyQA/SGFT/Llama-3.1-8B-Instruct/lora/Run04/predictions.jsonl.gz,229,70.306,git,5c893148f0b51e6733a98342ab46c327
StrategyQA,SGFT,Llama-3.1-8B-Instruct,lora,Run05,predictions/table1/StrategyQA/SGFT/Llama-3.1-8B-Instruct/lora/Run05/predictions.jsonl.gz,229,70.306,git,5c893148f0b51e6733a98342ab46c327
StrategyQA,SGFT,Llama-3.1-8B-Instruct,lora,Run06,predictions/table1/StrategyQA/SGFT/Llama-3.1-8B-Instruct/lora/Run06/predictions.jsonl.gz,229,70.306,git,5c893148f0b51e6733a98342ab46c327
StrategyQA,SGFT,Llama-3.1-8B-Instruct,lora,Run07,predictions/table1/StrategyQA/SGFT/Llama-3.1-8B-Instruct/lora/Run07/predictions.jsonl.gz,229,70.306,git,5c893148f0b51e6733a98342ab46c327
StrategyQA,SGFT,Llama-3.1-8B-Instruct,lora,Run08,predictions/table1/StrategyQA/SGFT/Llama-3.1-8B-Instruct/lora/Run08/predictions.jsonl.gz,229,70.306,git,5c893148f0b51e6733a98342ab46c327
StrategyQA,SGFT,Llama-3.1-8B-Instruct,lora,Run09,predictions/table1/StrategyQA/SGFT/Llama-3.1-8B-Instruct/lora/Run09/predictions.jsonl.gz,229,70.306,git,5c893148f0b51e6733a98342ab46c327
StrategyQA,SGFT,Llama-3.1-8B-Instruct,lora,Run10,predictions/table1/StrategyQA/SGFT/Llama-3.1-8B-Instruct/lora/Run10/predictions.jsonl.gz,229,70.306,git,5c893148f0b51e6733a98342ab46c327
GSM8K,SuperCorrect,Qwen3-1.7B,lora,Run01,predictions/table1/GSM8K/SuperCorrect/Qwen3-1.7B/lora/Run01/predictions.jsonl.gz,1319,76.346,git,48af8ff7e194b75839f1ebe1296021b7
GSM8K,SuperCorrect,Qwen3-1.7B,lora,Run02,predictions/table1/GSM8K/SuperCorrect/Qwen3-1.7B/lora/Run02/predictions.jsonl.gz,1319,77.483,git,568382504362d887de68aa3f79cedab5
GSM8K,SuperCorrect,Qwen3-1.7B,lora,Run03,predictions/table1/GSM8K/SuperCorrect/Qwen3-1.7B/lora/Run03/predictions.jsonl.gz,1319,77.028,git,9ced275fc89f04a8b226ccb21387786e
GSM8K,SuperCorrect,Qwen3-1.7B,lora,Run04,predictions/table1/GSM8K/SuperCorrect/Qwen3-1.7B/lora/Run04/predictions.jsonl.gz,1319,75.815,git,0eebece2404f5369856fe4db31ee0022
GSM8K,SuperCorrect,Qwen3-1.7B,lora,Run05,predictions/table1/GSM8K/SuperCorrect/Qwen3-1.7B/lora/Run05/predictions.jsonl.gz,1319,75.284,git,2d85aa48fd479f3ee4b28907bc080460
GSM8K,SuperCorrect,Qwen3-1.7B,lora,Run06,predictions/table1/GSM8K/SuperCorrect/Qwen3-1.7B/lora/Run06/predictions.jsonl.gz,1319,76.042,git,1d2b64580bc2058e986a57090da9ae0b
GSM8K,SuperCorrect,Qwen3-1.7B,lora,Run07,predictions/table1/GSM8K/SuperCorrect/Qwen3-1.7B/lora/Run07/predictions.jsonl.gz,1319,74.754,git,4b17fc2061fc5ec8eeb387e687fcddc0
GSM8K,SuperCorrect,Qwen3-1.7B,lora,Run08,predictions/table1/GSM8K/SuperCorrect/Qwen3-1.7B/lora/Run08/predictions.jsonl.gz,1319,76.042,git,908356dff6fe022a341f9f1ec2546046
GSM8K,SuperCorrect,Qwen3-1.7B,lora,Run09,predictions/table1/GSM8K/SuperCorrect/Qwen3-1.7B/lora/Run09/predictions.jsonl.gz,1319,74.678,git,737fd34d8671727c77ac60489da9624c
GSM8K,SuperCorrect,Qwen3-1.7B,lora,Run10,predictions/table1/GSM8K/SuperCorrect/Qwen3-1.7B/lora/Run10/predictions.jsonl.gz,1319,75.36,git,cba75be8452a1f1547ae92aa3687f2d6
StrategyQA,SGFT,Qwen3-1.7B,lora,Run01,predictions/table1/StrategyQA/SGFT/Qwen3-1.7B/lora/Run01/predictions.jsonl.gz,229,60.262,git,536bb1e2edfc900e2a0ca918182ee5bd
StrategyQA,SGFT,Qwen3-1.7B,lora,Run02,predictions/table1/StrategyQA/SGFT/Qwen3-1.7B/lora/Run02/predictions.jsonl.gz,229,60.262,git,536bb1e2edfc900e2a0ca918182ee5bd
StrategyQA,SGFT,Qwen3-1.7B,lora,Run03,predictions/table1/StrategyQA/SGFT/Qwen3-1.7B/lora/Run03/predictions.jsonl.gz,229,60.262,git,536bb1e2edfc900e2a0ca918182ee5bd
StrategyQA,SGFT,Qwen3-1.7B,lora,Run04,predictions/table1/StrategyQA/SGFT/Qwen3-1.7B/lora/Run04/predictions.jsonl.gz,229,60.262,git,536bb1e2edfc900e2a0ca918182ee5bd
StrategyQA,SGFT,Qwen3-1.7B,lora,Run05,predictions/table1/StrategyQA/SGFT/Qwen3-1.7B/lora/Run05/predictions.jsonl.gz,229,60.262,git,536bb1e2edfc900e2a0ca918182ee5bd
StrategyQA,SGFT,Qwen3-1.7B,lora,Run06,predictions/table1/StrategyQA/SGFT/Qwen3-1.7B/lora/Run06/predictions.jsonl.gz,229,60.262,git,536bb1e2edfc900e2a0ca918182ee5bd
StrategyQA,SGFT,Qwen3-1.7B,lora,Run07,predictions/table1/StrategyQA/SGFT/Qwen3-1.7B/lora/Run07/predictions.jsonl.gz,229,60.262,git,536bb1e2edfc900e2a0ca918182ee5bd
StrategyQA,SGFT,Qwen3-1.7B,lora,Run08,predictions/table1/StrategyQA/SGFT/Qwen3-1.7B/lora/Run08/predictions.jsonl.gz,229,60.262,git,536bb1e2edfc900e2a0ca918182ee5bd
StrategyQA,SGFT,Qwen3-1.7B,lora,Run09,predictions/table1/StrategyQA/SGFT/Qwen3-1.7B/lora/Run09/predictions.jsonl.gz,229,60.262,git,536bb1e2edfc900e2a0ca918182ee5bd
StrategyQA,SGFT,Qwen3-1.7B,lora,Run10,predictions/table1/StrategyQA/SGFT/Qwen3-1.7B/lora/Run10/predictions.jsonl.gz,229,60.262,git,536bb1e2edfc900e2a0ca918182ee5bd
